,Unnamed: 0,lng,lat,timestamp_added,reward_scale,owner,nonce,name,location,last_poc_challenge,last_change_block,block_added,block,address,short_street,short_state,short_country,short_city,long_street,long_state,long_country,long_city,city_id,online,listen_addrs,height
0,356,17.654285008777908,59.87247265928188,2021-03-31T11:54:09.000000Z,1.0,14BT97xnPZ9YfmeTxmuMhstxB8zHS8FeTUDxqPp38duW7NPHNCg,1,rural-midnight-panda,8c0880d8a463dff,785883.0,785946,783117,786049,112W4NdLEuSJaaffwJ9iH4rJY27ntacJUC46kMNTY9CHuyCg5n1e,Bruno Liljeforsgatan,Uppsala län,SE,Gränby,Bruno Liljeforsgatan,Uppsala län,Sweden,Gränby,Z3LDpG5ieXVwcHNhbGEgbMOkbnN3ZWRlbg,online,['/ip4/81.225.3.13/tcp/44158'],786023.0
1,572,17.985425687275935,59.3501521691987,2021-03-27T18:14:17.000000Z,1.0,13v9kMn5p1a3Y5vqnPxzqfaiEhhrRBaMLYk7SmiN3pJEx1WmBpT,1,oblong-linen-haddock,8c0886601d739ff,785957.0,785957,777813,786049,112thS39QVydRe2UgKurUuJvZkhcmyWjjxJKmvL3eMMF885Fowu2,Storgatan,Stockholms län,SE,Huvudsta,Storgatan,Stockholms län,Sweden,Huvudsta,aHV2dWRzdGFzdG9ja2hvbG1zIGzDpG5zd2VkZW4,online,['/ip4/81.235.177.2/tcp/3344'],785995.0
2,970,16.507907843991006,59.36345364921286,2021-03-24T15:01:17.000000Z,1.0,13Wwpbanr8rMrGPBYajqDTHsScYJAVuXJwSP2hLD3nQk74Zm55y,1,tame-cream-dove,8c08869932589ff,786045.0,786045,773665,786049,11qgJik1Bpkrw1SoEvbToyURUYKXmyUnBkScQaaj1UzSFQSonVv,Tegelbruksgatan,Södermanlands län,SE,Västermalm-Nyfors,Tegelbruksgatan,Södermanlands län,Sweden,Västermalm-Nyfors,dsOkc3Rlcm1hbG0tbnlmb3Jzc8O2ZGVybWFubGFuZHMgbMOkbnN3ZWRlbg,online,['/p2p/11SW72bsmYPeqcoshQfevunvGgqobXDt6kwtEL7ypL63osYQX45/p2p-circuit/p2p/11qgJik1Bpkrw1SoEvbToyURUYKXmyUnBkScQaaj1UzSFQSonVv'],786011.0
3,1221,17.647207156259306,59.87740317483029,2021-03-22T09:43:12.000000Z,1.0,14BT97xnPZ9YfmeTxmuMhstxB8zHS8FeTUDxqPp38duW7NPHNCg,1,polite-cornflower-starling,8c0880d8a1563ff,785817.0,786032,770681,786049,112JfepGrQgravVHMnZUvUHzhyHBEYkbGMxiY3kV7vc8K1YZNAsR,Heidenstamsgatan,Uppsala län,SE,Löten,Heidenstamsgatan,Uppsala län,Sweden,Löten,bMO2dGVudXBwc2FsYSBsw6Ruc3dlZGVu,online,['/ip4/84.216.127.159/tcp/18465'],785991.0
4,1506,17.695382718993866,59.85644769033504,2021-03-19T15:05:25.000000Z,1.0,14BT97xnPZ9YfmeTxmuMhstxB8zHS8FeTUDxqPp38duW7NPHNCg,1,narrow-arctic-cow,8c0880ca6da3bff,785894.0,785894,766642,786049,112m36Zf48EjMbNWxygRPkKxrvCE5QNZpX3JfhP9vXwytkFWnSj4,Lefflersgatan,Uppsala län,SE,Fyrislund,Lefflersgatan,Uppsala län,Sweden,Fyrislund,ZnlyaXNsdW5kdXBwc2FsYSBsw6Ruc3dlZGVu,online,['/p2p/112PHQA7qXeKvhzP2C5YVsTSoDp8tXWEBetU4rdVhL3P7ETnx3Fn/p2p-circuit/p2p/112m36Zf48EjMbNWxygRPkKxrvCE5QNZpX3JfhP9vXwytkFWnSj4'],786022.0
5,1509,17.679957653735407,59.868442101948204,2021-03-19T13:06:02.000000Z,1.0,14BT97xnPZ9YfmeTxmuMhstxB8zHS8FeTUDxqPp38duW7NPHNCg,1,fierce-seaweed-hamster,8c0880d993435ff,785979.0,785979,766504,786049,111MAuknnzvsZPH9wrhnC28e4MxZrLXNLYNiYzB6XKFwRx5Rgj,Johannesbäcksgatan,Uppsala län,SE,Sala backe,Johannesbäcksgatan,Uppsala län,Sweden,Sala backe,c2FsYSBiYWNrZXVwcHNhbGEgbMOkbnN3ZWRlbg,online,['/ip4/90.229.245.155/tcp/44158'],786016.0
6,1519,18.698749657980386,59.74899592271596,2021-03-19T10:01:01.000000Z,1.0,14d7XEZJTsFRytmSuj2Ldtx8WpNnNPwawdEv6yV7C4dLwuV6FYm,1,innocent-clear-hyena,8c0882b348c67ff,,768013,766304,786049,11v431dWyMAQ8uVZ1tdfiMvvScwVkJfA5FnYMtrYyiaRZxyzp5d,Drottning Kristinas väg,Stockholms län,SE,Grossgärdet,Drottning Kristinas väg,Stockholms län,Sweden,Grossgärdet,Z3Jvc3Nnw6RyZGV0c3RvY2tob2xtcyBsw6Ruc3dlZGVu,offline,,666.0
7,1520,17.939642013038362,58.90632390061672,2021-03-19T09:21:44.000000Z,1.0,14d7XEZJTsFRytmSuj2Ldtx8WpNnNPwawdEv6yV7C4dLwuV6FYm,1,large-stone-shetland,8c0895b841151ff,,766277,766258,786049,11nvhTHDq7QnFBa8JJdTy3joTayGP2Jit8R9Jhg61e2jNLZ9heW,Heimdalsvägen,Stockholms län,SE,Norra Nynäshamn,Heimdalsvägen,Stockholms län,Sweden,Norra Nynäshamn,bm9ycmEgbnluw6RzaGFtbnN0b2NraG9sbXMgbMOkbnN3ZWRlbg,offline,,
8,1523,18.194885013295664,59.3138352158076,2021-03-19T07:58:02.000000Z,1.0,13Wwpbanr8rMrGPBYajqDTHsScYJAVuXJwSP2hLD3nQk74Zm55y,1,scrawny-shadow-leopard,8c08866f02a29ff,785844.0,785844,766162,786049,11t7C2cA3akaD4GMx2gnFvcZGoXFqczf8JJ38StUpH6kyYns6r9,Edinsvägen,Stockholms län,SE,Nacka Östra,Edinsvägen,Stockholms län,Sweden,Nacka Östra,bmFja2Egw7ZzdHJhc3RvY2tob2xtcyBsw6Ruc3dlZGVu,online,['/ip4/44.140.47.157/tcp/44158'],786021.0
9,1625,17.947467133390184,59.40131608013518,2021-03-18T12:13:00.000000Z,1.0,13Wwpbanr8rMrGPBYajqDTHsScYJAVuXJwSP2hLD3nQk74Zm55y,1,energetic-obsidian-ladybug,8c088662d3ad9ff,785800.0,785800,764911,786049,112dfVHeKSRAjwbiPmL7e4rGzD2SWNPptfvDuvPMpEPDbKE7RMp,Hanstavägen,Stockholms län,SE,Kista,Hanstavägen,Stockholms län,Sweden,Kista,a2lzdGFzdG9ja2hvbG1zIGzDpG5zd2VkZW4,online,['/p2p/119zgBvqKRScbmaM4dSyQvArW28QtVV6YEV85qX8Cz3hcWNGRLE/p2p-circuit/p2p/112dfVHeKSRAjwbiPmL7e4rGzD2SWNPptfvDuvPMpEPDbKE7RMp'],786016.0
10,1946,17.69278993202512,59.87029948060288,2021-03-17T14:07:37.000000Z,1.0,14BT97xnPZ9YfmeTxmuMhstxB8zHS8FeTUDxqPp38duW7NPHNCg,1,long-coal-tadpole,8c0880ca44335ff,785931.0,785931,763805,786049,112jT3Xg5QDgP7jZtUoBbtyA2EUFhKQFhjMMxtCJBC6Wyaok3Xpr,Timjansgatan,Uppsala län,SE,Årsta,Timjansgatan,Uppsala län,Sweden,Årsta,w6Vyc3RhdXBwc2FsYSBsw6Ruc3dlZGVu,online,['/p2p/1123vR4zqV3xFu6BXTntzARgurnbXKY9ShdnewgqbFWsKfZK4Lzp/p2p-circuit/p2p/112jT3Xg5QDgP7jZtUoBbtyA2EUFhKQFhjMMxtCJBC6Wyaok3Xpr'],786016.0
11,2174,18.138091231693274,59.35152725722644,2021-03-16T18:15:47.000000Z,1.0,13Wwpbanr8rMrGPBYajqDTHsScYJAVuXJwSP2hLD3nQk74Zm55y,1,refined-lavender-moose,8c08866e46b17ff,785989.0,785989,762733,786049,11r7w13avxnXea4Hm9NtXCw81tnesVD7DYX7PAqK2TMaW36aDU8,Bodalsvägen,Stockholms län,SE,Baggeby-Larsberg,Bodalsvägen,Stockholms län,Sweden,Baggeby-Larsberg,YmFnZ2VieS1sYXJzYmVyZ3N0b2NraG9sbXMgbMOkbnN3ZWRlbg,online,['/ip4/78.67.206.121/tcp/44158'],785965.0
12,2640,11.973904687892725,57.68503545955925,2021-03-15T09:25:34.000000Z,1.0,14a1EcchN6gaqHzSh9u2NMuNCSzqWhxU11TWbsJG8Sn9q98bkCL,1,overt-cornflower-goblin,8c1f25068a629ff,785943.0,785964,760613,786049,11z8F1A4Zq2jtsNm8yfZHFBF1R7MV1gTATdtd6yeUMSjnnZwkJ,Doktor Allards Gata,Västra Götalands län,SE,Guldheden,Doktor Allards Gata,Västra Götalands län,Sweden,Guldheden,Z3VsZGhlZGVudsOkc3RyYSBnw7Z0YWxhbmRzIGzDpG5zd2VkZW4,online,['/ip4/188.148.171.178/tcp/44158'],786025.0
13,4390,13.395389730457092,57.806791266149595,2021-03-09T14:07:35.000000Z,1.0,14HzZRyju96jHNPjnk3KZFuz8scmK9q4MTJPr7bYdFEo6WYJEmM,1,high-coconut-beetle,8c08b615392d7ff,785965.0,785965,751838,786049,112LDCcMLobkc9TrJsq4cynFUtybQpa1hJNztu68fmvXKZ6kza4V,CARLSHÖJD,Västra Götalands län,SE,Ulricehamn,CARLSHÖJD,Västra Götalands län,Sweden,Ulricehamn,dWxyaWNlaGFtbnbDpHN0cmEgZ8O2dGFsYW5kcyBsw6Ruc3dlZGVu,online,['/p2p/11GMLnYYv9vb33ev8VnBQTCH45qQ8YKUmjA7y6JtZ8jSn6e4U7A/p2p-circuit/p2p/112LDCcMLobkc9TrJsq4cynFUtybQpa1hJNztu68fmvXKZ6kza4V'],786016.0
14,4778,18.025951663024426,59.336448503840586,2021-03-07T23:00:29.000000Z,1.0,13W2BQ5FxQEV4C3PR9nYEC6kywKfNYFFVmHo38UgpLxusX9buCd,1,soaring-opal-troll,8c088660309d3ff,785798.0,786014,749863,786049,11RB1Bv7vmDN1qvmx2USgN28ie9aNEQSe4WWe3YRkTtwpZgtnx3,Alströmergatan,Stockholms län,SE,Kungsholmen,Alströmergatan,Stockholms län,Sweden,Kungsholmen,a3VuZ3Nob2xtZW5zdG9ja2hvbG1zIGzDpG5zd2VkZW4,online,['/ip4/85.230.72.83/tcp/44158'],786026.0
15,4829,18.048088545782107,59.316266141415966,2021-03-07T13:31:34.000000Z,0.641021728515625,14TMreJAyUEZvLyQiG1sa9R3Q3hLjfH2A5MMrMCTVw4VDizpQgW,1,long-clear-koala,8c088661c4f61ff,785710.0,785710,749460,786049,11b3AmiPk8enABskUR1WbzzayTTGqHc5daGKBTF3yQBGJrs2Yob,Krukmakargatan,Stockholms län,SE,Södermalm,Krukmakargatan,Stockholms län,Sweden,Södermalm,c8O2ZGVybWFsbXN0b2NraG9sbXMgbMOkbnN3ZWRlbg,online,['/ip4/37.46.170.25/tcp/44158'],785835.0
16,4834,16.326146048511482,56.71267836646695,2021-03-07T10:34:42.000000Z,1.0,13Wwpbanr8rMrGPBYajqDTHsScYJAVuXJwSP2hLD3nQk74Zm55y,1,interesting-concrete-stallion,8c1f2d79974b1ff,785770.0,785770,749285,786049,112dfmuDkcTcYkL7ALow3v4gZmdtgWTsqQAA4677rznzZVH12AcJ,Värsnäsvägen,Kalmar län,SE,Berga-Bergavik,Värsnäsvägen,Kalmar län,Sweden,Berga-Bergavik,YmVyZ2EtYmVyZ2F2aWtrYWxtYXIgbMOkbnN3ZWRlbg,online,['/p2p/112V8udo71oRYrA9K2DuuLWkAkbCCyhghZTnLaUz7TFgJfsX3sp1/p2p-circuit/p2p/112dfmuDkcTcYkL7ALow3v4gZmdtgWTsqQAA4677rznzZVH12AcJ'],785996.0
17,4873,18.094428530235636,59.34774220902542,2021-03-06T23:19:32.000000Z,0.641021728515625,13W2BQ5FxQEV4C3PR9nYEC6kywKfNYFFVmHo38UgpLxusX9buCd,1,polite-burlap-caribou,8c0886619b72dff,785836.0,785836,748664,786049,11Q95D4U65TeG893Dn4pGuXcLNA9NswPx4vCYESzr4gH1m2noKb,Rindögatan,Stockholms län,SE,Östermalm,Rindögatan,Stockholms län,Sweden,Östermalm,w7ZzdGVybWFsbXN0b2NraG9sbXMgbMOkbnN3ZWRlbg,online,['/ip4/84.216.52.106/tcp/44158'],786012.0
18,4956,16.370694563064426,56.66425514838813,2021-03-06T17:35:53.000000Z,0.5,13Wwpbanr8rMrGPBYajqDTHsScYJAVuXJwSP2hLD3nQk74Zm55y,1,silly-bamboo-seagull,8c1f2d6844cc5ff,786013.0,786013,748408,786049,112dBuKoQsRB6a7ZC54UtX78LczeFjGT8hEeDna1kYKuuUE2Y8wm,Skeppsbrogatan,Kalmar län,SE,Kalmar,Skeppsbrogatan,Kalmar län,Sweden,Kalmar,a2FsbWFya2FsbWFyIGzDpG5zd2VkZW4,online,['/p2p/11Aj4oZciG4Bz5sEu5timZkUkJ4UB6fi3HYqjWnqxYWvjf3ajXT/p2p-circuit/p2p/112dBuKoQsRB6a7ZC54UtX78LczeFjGT8hEeDna1kYKuuUE2Y8wm'],786010.0
19,4966,18.0347449653462,59.306035289805926,2021-03-06T16:23:51.000000Z,1.0,13W2BQ5FxQEV4C3PR9nYEC6kywKfNYFFVmHo38UgpLxusX9buCd,1,jumpy-lime-dachshund,8c08866116049ff,785946.0,785946,748327,786049,11K8vXz1j8gNDZJJNmh6bcfnXBZcQS75vDuLwXNXtuu171YjpkP,Ekfatsgatan,Stockholms län,SE,Hägersten-Liljeholmen,Ekfatsgatan,Stockholms län,Sweden,Hägersten-Liljeholmen,aMOkZ2Vyc3Rlbi1saWxqZWhvbG1lbnN0b2NraG9sbXMgbMOkbnN3ZWRlbg,online,['/ip4/81.232.173.30/tcp/44158'],785975.0
20,4969,18.04141843336129,59.34627527132756,2021-03-06T15:54:27.000000Z,1.0,13W2BQ5FxQEV4C3PR9nYEC6kywKfNYFFVmHo38UgpLxusX9buCd,1,sticky-rusty-caterpillar,8c088660e5abdff,786033.0,786033,748299,786049,11xMG9RLQdsvJq2YVjGnFXWBvTacE7yAmgg66Sg8hpUG7XDbz6g,Dalagatan,Stockholms län,SE,Norrmalm,Dalagatan,Stockholms län,Sweden,Norrmalm,bm9ycm1hbG1zdG9ja2hvbG1zIGzDpG5zd2VkZW4,online,['/ip4/80.216.13.30/tcp/44158'],786016.0
21,5164,11.979264952380161,57.69211747288936,2021-03-05T16:52:46.000000Z,1.0,14a1EcchN6gaqHzSh9u2NMuNCSzqWhxU11TWbsJG8Sn9q98bkCL,1,proper-wintergreen-halibut,8c1f2506d729bff,785958.0,785958,746929,786049,112ZZEFvKAWyBA8hSjFoVTFti38if58xm3tCPNm3FMca89iQLDWk,Vidblicksgatan,Västra Götalands län,SE,Johanneberg,Vidblicksgatan,Västra Götalands län,Sweden,Johanneberg,am9oYW5uZWJlcmd2w6RzdHJhIGfDtnRhbGFuZHMgbMOkbnN3ZWRlbg,online,['/ip4/188.149.41.135/tcp/44158'],786022.0
22,5196,17.59654434481459,59.869745826259205,2021-03-05T15:25:04.000000Z,1.0,13Wwpbanr8rMrGPBYajqDTHsScYJAVuXJwSP2hLD3nQk74Zm55y,2,best-tartan-pangolin,8c0880d8ec325ff,786038.0,786038,746829,786049,112kBLhDaHTZaobVqJ4Cjcpt9jE51ugHsxGcZFi59CTFA2wQ2ab6,Husbyborgsvägen,Uppsala län,SE,Berthåga-Stenhagen-Husbyborg-Librobäck,Husbyborgsvägen,Uppsala län,Sweden,Berthåga-Stenhagen-Husbyborg-Librobäck,YmVydGjDpWdhLXN0ZW5oYWdlbi1odXNieWJvcmctbGlicm9iw6Rja3VwcHNhbGEgbMOkbnN3ZWRlbg,online,['/p2p/11w4fpFZKPN3Xjd7i2EoNJ9F5mxkzvPWJEQn963e8hp3renDeEL/p2p-circuit/p2p/112kBLhDaHTZaobVqJ4Cjcpt9jE51ugHsxGcZFi59CTFA2wQ2ab6'],786017.0
23,5413,17.985801221757587,59.36516294726648,2021-03-04T19:54:27.000000Z,1.0,13dHSjJ1judroDkgD158RmRki6U5Ypqpq8ZSmyk56AW5HiYRDWJ,1,alert-satin-pigeon,8c088662a46d3ff,785851.0,785851,745676,786049,11qMbaek7zknc8DW1zuGcaHWaYG8oUGjdHr734j9SFwDAH2Sjtz,Bergstigen,Stockholms län,SE,Råsunda,Bergstigen,Stockholms län,Sweden,Råsunda,csOlc3VuZGFzdG9ja2hvbG1zIGzDpG5zd2VkZW4,online,['/ip4/151.236.203.55/tcp/44158'],786013.0
24,5435,16.361408551707516,56.66495775759339,2021-03-04T18:49:58.000000Z,0.5,13Wwpbanr8rMrGPBYajqDTHsScYJAVuXJwSP2hLD3nQk74Zm55y,1,fluffy-purple-mantaray,8c1f2d68459a3ff,786041.0,786041,745649,786049,1121wNp5jYrqycbwKgbaeUZ694dEumafRghArVUinZbAVa3LCSGh,Kaggensgatan,Kalmar län,SE,Kalmar,Kaggensgatan,Kalmar län,Sweden,Kalmar,a2FsbWFya2FsbWFyIGzDpG5zd2VkZW4,online,['/p2p/112viz6FqweXUDpeB6b2uv7d9SCPLxvPwpM7UWB9J3Fst36D4aBS/p2p-circuit/p2p/1121wNp5jYrqycbwKgbaeUZ694dEumafRghArVUinZbAVa3LCSGh'],786016.0
25,5439,16.331421181726373,56.65689312596704,2021-03-04T18:43:52.000000Z,1.0,13Wwpbanr8rMrGPBYajqDTHsScYJAVuXJwSP2hLD3nQk74Zm55y,1,bouncy-chili-mink,8c1f2d6b3a1a7ff,785947.0,785947,745645,786049,112pHkS8jXZ24JbEzLY79ipSmrUW6vzSspfE7cgLLbmaFVecwjhL,Tegelviken-Gamla Staden,Kalmar län,SE,Tegelviken-Gamla Staden,Tegelviken-Gamla Staden,Kalmar län,Sweden,Tegelviken-Gamla Staden,dGVnZWx2aWtlbi1nYW1sYSBzdGFkZW5rYWxtYXIgbMOkbnN3ZWRlbg,online,['/p2p/112pM7qpSff3UvDYoeBpPzMbxak2Uqe557jUziFh8NQ9Edbm5z3d/p2p-circuit/p2p/112pHkS8jXZ24JbEzLY79ipSmrUW6vzSspfE7cgLLbmaFVecwjhL'],786019.0
26,5504,11.997041465325433,57.68620652187288,2021-03-04T13:50:39.000000Z,1.0,14HzZRyju96jHNPjnk3KZFuz8scmK9q4MTJPr7bYdFEo6WYJEmM,1,quiet-chocolate-jellyfish,8c1f250698c51ff,785766.0,785766,745405,786049,1127iAVzNx2kJq74XYhm3JtyvZyYZjxg3z9cdu6szXXT2kez4dQ2,Helmutsrogatan,Västra Götalands län,SE,Johanneberg,Helmutsrogatan,Västra Götalands län,Sweden,Johanneberg,am9oYW5uZWJlcmd2w6RzdHJhIGfDtnRhbGFuZHMgbMOkbnN3ZWRlbg,online,['/p2p/11zcGrbney1u6vbccyCNEoaYjLJUHsa77h6SSZsFt8BbpToFLkR/p2p-circuit/p2p/1127iAVzNx2kJq74XYhm3JtyvZyYZjxg3z9cdu6szXXT2kez4dQ2'],785992.0
27,5511,11.990348073214864,57.70561500256094,2021-03-04T10:25:15.000000Z,1.0,14HzZRyju96jHNPjnk3KZFuz8scmK9q4MTJPr7bYdFEo6WYJEmM,1,glamorous-taupe-eel,8c1f25a9e7b33ff,785865.0,785865,745180,786049,11xeGPTtKw1ijA3AyF7fVy8JSZiQ5i5zEtqbkAAYJkm4NjQaWHy,Drakegatan,Västra Götalands län,SE,Gårda,Drakegatan,Västra Götalands län,Sweden,Gårda,Z8OlcmRhdsOkc3RyYSBnw7Z0YWxhbmRzIGzDpG5zd2VkZW4,online,['/p2p/11iCDJDiboA22r1niWdnKFPc7jUdofKjABsxugjms8bGe3HPoMy/p2p-circuit/p2p/11xeGPTtKw1ijA3AyF7fVy8JSZiQ5i5zEtqbkAAYJkm4NjQaWHy'],786027.0
28,5627,17.985983587195847,59.30686724721435,2021-03-03T17:32:12.000000Z,0.5,13W2BQ5FxQEV4C3PR9nYEC6kywKfNYFFVmHo38UgpLxusX9buCd,5,expert-opaque-mammoth,8c08866150f13ff,785861.0,785861,744269,786049,1121srBxUx4fHjD34o6w2op6szZSq8svSCrBUBwCWrQWapLDLEiD,Jarl Kulles Gata,Stockholms län,SE,Hägersten-Liljeholmen,Jarl Kulles Gata,Stockholms län,Sweden,Hägersten-Liljeholmen,aMOkZ2Vyc3Rlbi1saWxqZWhvbG1lbnN0b2NraG9sbXMgbMOkbnN3ZWRlbg,online,['/ip4/78.72.161.229/tcp/46435'],786016.0
29,5635,18.03142924844425,59.30297607806097,2021-03-03T16:34:12.000000Z,1.0,13W2BQ5FxQEV4C3PR9nYEC6kywKfNYFFVmHo38UgpLxusX9buCd,1,witty-felt-walrus,8c08866117b05ff,785815.0,785815,744206,786049,11JXo5Z9bReAX7LQr5ktUD1joXAsj6JRdMykS7pMuEwzLSnf4R2,Sturehillsvägen,Stockholms län,SE,Hägersten-Liljeholmen,Sturehillsvägen,Stockholms län,Sweden,Hägersten-Liljeholmen,aMOkZ2Vyc3Rlbi1saWxqZWhvbG1lbnN0b2NraG9sbXMgbMOkbnN3ZWRlbg,online,['/p2p/112r62kC7rH6YrwxqqNLuZcfZc1xGXEM7vx6r22yQ9KLMrsVUPtP/p2p-circuit/p2p/11JXo5Z9bReAX7LQr5ktUD1joXAsj6JRdMykS7pMuEwzLSnf4R2'],786022.0
30,5721,17.999660872645954,59.329762296758574,2021-03-02T19:11:35.000000Z,1.0,14Rqw67Er4T4mDitRR5hkvDbefXUhVQGiaVV4yzgSF3sVtu6PfU,2,muscular-juniper-mongoose,8c0886602a08dff,785929.0,785929,742938,786049,11biU1xucn5ah2yb9zQXeiEY7Vc6hLK5ndBJaSiq9smZHByMpu3,Orvar Odds väg,Stockholms län,SE,Kungsholmen,Orvar Odds väg,Stockholms län,Sweden,Kungsholmen,a3VuZ3Nob2xtZW5zdG9ja2hvbG1zIGzDpG5zd2VkZW4,online,['/p2p/11zyZhuw4iM2AUsqrbpsfZ5d8FsGFBkyvTGrmvzGo2S2G5xWt5i/p2p-circuit/p2p/11biU1xucn5ah2yb9zQXeiEY7Vc6hLK5ndBJaSiq9smZHByMpu3'],786022.0
31,6218,18.16610013703165,59.30899915824008,2021-02-25T10:31:24.000000Z,1.0,13Wwpbanr8rMrGPBYajqDTHsScYJAVuXJwSP2hLD3nQk74Zm55y,1,low-tan-penguin,8c08866f0d605ff,785885.0,785885,736005,786049,11MzpyepBWaASVVcL42J5qmCfLMrHfE2gTN9CrUpVLPuaxCbARJ,Romansvägen,Stockholms län,SE,Nacka,Romansvägen,Stockholms län,Sweden,Nacka,bmFja2FzdG9ja2hvbG1zIGzDpG5zd2VkZW4,online,['/ip4/44.140.47.150/tcp/44158'],785999.0
32,6333,17.592422346179823,59.8518061976142,2021-02-23T16:02:01.000000Z,1.0,13Wwpbanr8rMrGPBYajqDTHsScYJAVuXJwSP2hLD3nQk74Zm55y,1,pet-sepia-lemur,8c0880d834a5dff,785994.0,785994,733449,786049,112fVEC6aeyjaMREdHjLBmkjKDiRshUQq3GnWn9X8u6i198AQi6,Flogstavägen,Uppsala län,SE,Flogsta,Flogstavägen,Uppsala län,Sweden,Flogsta,ZmxvZ3N0YXVwcHNhbGEgbMOkbnN3ZWRlbg,online,['/p2p/112QxYiBKg6TApn7vmFrCSyMdxWLKZ4dABtk4bSYTn3ahg2LTw5e/p2p-circuit/p2p/112fVEC6aeyjaMREdHjLBmkjKDiRshUQq3GnWn9X8u6i198AQi6'],786016.0
33,6390,13.010325377358189,57.72524315163705,2021-02-21T10:58:32.000000Z,1.0,14iAq97ypapJwDrZfy9MwEL1kVHtPu19MWJXQWWm53AwAskP3pj,2,virtual-mercurial-crab,8c08b688ec9a5ff,778742.0,784940,729887,786049,11Xc4ugaJUT8UiKQfEFMyVTRwvCQ6Yhc4swtvwe95LehUqC3RRz,Vävlagargatan,Västra Götalands län,SE,Brämhult,Vävlagargatan,Västra Götalands län,Sweden,Brämhult,YnLDpG1odWx0dsOkc3RyYSBnw7Z0YWxhbmRzIGzDpG5zd2VkZW4,online,['/p2p/11AZZb1Z2jzWioox4ecasFwDVgqct9eDHK3ZUfJo5PtSfWjxrdF/p2p-circuit/p2p/11Xc4ugaJUT8UiKQfEFMyVTRwvCQ6Yhc4swtvwe95LehUqC3RRz'],784099.0
34,6413,18.159708439813087,59.35942010740894,2021-02-20T12:41:41.000000Z,1.0,13Wwpbanr8rMrGPBYajqDTHsScYJAVuXJwSP2hLD3nQk74Zm55y,3,zany-heather-rat,8c08866e014cdff,786018.0,786018,728667,786049,11ME7i7kh8wcPpbu7MrfBun6VWFQbzDkJM6jTKEYCRUHRjRn7MP,Vasavägen,Stockholms län,SE,Mosstorp,Vasavägen,Stockholms län,Sweden,Mosstorp,bW9zc3RvcnBzdG9ja2hvbG1zIGzDpG5zd2VkZW4,online,['/p2p/11LWbbzC3NKcvN3xn8pVZjX1YjQxvetAgZZ7bPuHNXG7J5PNVjs/p2p-circuit/p2p/11ME7i7kh8wcPpbu7MrfBun6VWFQbzDkJM6jTKEYCRUHRjRn7MP'],786028.0
35,6784,13.428963314090588,57.856105373299854,2021-02-09T16:12:53.000000Z,1.0,14a1EcchN6gaqHzSh9u2NMuNCSzqWhxU11TWbsJG8Sn9q98bkCL,1,passive-zinc-panther,8c08b615dab2bff,785958.0,785958,712300,786049,117HZoUQ4Ysq8H4qCnLV7gBpqWCekDEto7BZoFMcURuC5DFGrA3,Överstegränd,Västra Götalands län,SE,Timmele,Överstegränd,Västra Götalands län,Sweden,Timmele,dGltbWVsZXbDpHN0cmEgZ8O2dGFsYW5kcyBsw6Ruc3dlZGVu,online,['/p2p/11CDbFUj3CkT2SCnFn7372f9EeNz88hb9deQaomV6xKyDFq6z1h/p2p-circuit/p2p/117HZoUQ4Ysq8H4qCnLV7gBpqWCekDEto7BZoFMcURuC5DFGrA3'],786016.0
36,6789,13.408247975929408,57.802826856120504,2021-02-09T10:26:20.000000Z,1.0,14HzZRyju96jHNPjnk3KZFuz8scmK9q4MTJPr7bYdFEo6WYJEmM,1,sleepy-fern-turtle,8c08b6153c4d9ff,785769.0,785769,711909,786049,11iPxVjT2Tw5Dvp3QA1MRamE6y6ThTy4fUGx9rMAUrCfWoZ5ZJx,Prångenvägen,Västra Götalands län,SE,Ulricehamn,Prångenvägen,Västra Götalands län,Sweden,Ulricehamn,dWxyaWNlaGFtbnbDpHN0cmEgZ8O2dGFsYW5kcyBsw6Ruc3dlZGVu,online,['/ip4/81.234.18.219/tcp/44158'],786009.0
37,6855,13.420528164158616,57.78158225263702,2021-02-08T14:34:42.000000Z,1.0,14a1EcchN6gaqHzSh9u2NMuNCSzqWhxU11TWbsJG8Sn9q98bkCL,1,able-pear-horse,8c08b602cdb4dff,786022.0,786022,710681,786049,11Fyoq2QqbGU3RXV7pYaX9VRFZg6Rh8RDnJQXKaFCHyY8B7TapG,Hasselvägen,Västra Götalands län,SE,Ulricehamn,Hasselvägen,Västra Götalands län,Sweden,Ulricehamn,dWxyaWNlaGFtbnbDpHN0cmEgZ8O2dGFsYW5kcyBsw6Ruc3dlZGVu,online,['/p2p/112uWUYuH7JP7jCr8PxAseRyW5ohTTbWNKSCHngQ58Zt11bA9ZLE/p2p-circuit/p2p/11Fyoq2QqbGU3RXV7pYaX9VRFZg6Rh8RDnJQXKaFCHyY8B7TapG'],786000.0
38,6857,17.957745813828215,59.40733063024744,2021-02-08T13:57:44.000000Z,1.0,14d7XEZJTsFRytmSuj2Ldtx8WpNnNPwawdEv6yV7C4dLwuV6FYm,2,shambolic-marmalade-hippo,8c088675a50cdff,,725409,710644,786049,112dCUvdAgBRQ54FGJrReehX3h2fBZeVWaT6chyPVTXUKiV9uERN,Helenelund,Stockholms län,SE,Helenelund,Helenelund,Stockholms län,Sweden,Helenelund,aGVsZW5lbHVuZHN0b2NraG9sbXMgbMOkbnN3ZWRlbg,offline,,716335.0
39,6858,13.419344985956853,57.786512325275794,2021-02-08T13:11:56.000000Z,1.0,14a1EcchN6gaqHzSh9u2NMuNCSzqWhxU11TWbsJG8Sn9q98bkCL,1,damp-cloth-tapir,8c08b61526d83ff,785874.0,785874,710601,786049,11AAvqmkhCDTvC14JB5HoKPMnm9V4yYkwupBzK8NDJFhrLLtmHR,Sanatorievägen,Västra Götalands län,SE,Ulricehamn,Sanatorievägen,Västra Götalands län,Sweden,Ulricehamn,dWxyaWNlaGFtbnbDpHN0cmEgZ8O2dGFsYW5kcyBsw6Ruc3dlZGVu,online,['/ip4/213.200.174.169/tcp/59670'],786016.0
40,6952,13.432994926261705,57.79992614869453,2021-02-06T16:00:54.000000Z,0.3333282470703125,14a1EcchN6gaqHzSh9u2NMuNCSzqWhxU11TWbsJG8Sn9q98bkCL,1,trendy-coconut-shell,8c08b61536905ff,785856.0,785856,707895,786049,114sjGrDYEzMyTZpqipesxVAEkXSzLTTP523n83oCLPxNe8nmc6,Arrehagsvägen,Västra Götalands län,SE,Ulricehamn,Arrehagsvägen,Västra Götalands län,Sweden,Ulricehamn,dWxyaWNlaGFtbnbDpHN0cmEgZ8O2dGFsYW5kcyBsw6Ruc3dlZGVu,online,['/p2p/112m2iYremK9tPUjv1SqNCsZ9BestvbLAy8FbNEhi3eYauErv5WV/p2p-circuit/p2p/114sjGrDYEzMyTZpqipesxVAEkXSzLTTP523n83oCLPxNe8nmc6'],786022.0
41,6992,16.3137456903541,60.53774687361005,2021-02-05T16:31:21.000000Z,1.0,13NCaCjEqGPCrMgEGkzjLEAX3dfaGDNA9SksARATyRgEyxuJLGg,1,salty-admiral-shark,8c0884a5c6365ff,785953.0,785988,706367,786049,112cWf6vmuXe9Fvaf2PeHxuMYj5Kh4qPao2duEwmdfZ5opZj9ttC,Stålgatan,Gävleborgs län,SE,Hofors,Stålgatan,Gävleborgs län,Sweden,Hofors,aG9mb3JzZ8OkdmxlYm9yZ3MgbMOkbnN3ZWRlbg,online,['/ip4/78.71.252.238/tcp/37376'],786016.0
42,7000,13.549630292228985,58.17958558201831,2021-02-05T14:56:55.000000Z,1.0,13rbdSBcshNAkLLJKiBUxzYjRnX3G551AUd1CVGqqe7HExScDc4,3,oblong-brunette-hamster,8c08b6a58b0e5ff,786026.0,786026,706261,786049,112SNjkT5d2DhhNeoSQDM7yLWwJKPkat1YrdiP1sU62R9AVgXy3L,Danska vägen,Västra Götalands län,SE,Bestorp-Anneborg,Danska vägen,Västra Götalands län,Sweden,Bestorp-Anneborg,YmVzdG9ycC1hbm5lYm9yZ3bDpHN0cmEgZ8O2dGFsYW5kcyBsw6Ruc3dlZGVu,online,['/p2p/112Yk1WqaNdgPxJ8XCiaDW9no36mXdc5dr7sF9ADxQjhnFcbV5Hy/p2p-circuit/p2p/112SNjkT5d2DhhNeoSQDM7yLWwJKPkat1YrdiP1sU62R9AVgXy3L'],786028.0
43,7033,17.920999177099425,59.526500800639184,2021-02-04T22:55:02.000000Z,1.0,14Rqw67Er4T4mDitRR5hkvDbefXUhVQGiaVV4yzgSF3sVtu6PfU,1,basic-goldenrod-donkey,8c08862b1416dff,785918.0,785918,705202,786049,112JdxpFRjubARRgkXw2ghkwaRy8JSTNiaQ7Lv12xfuBbBtLN3TM,Holmvägen,Stockholms län,SE,Upplands Väsby Västra,Holmvägen,Stockholms län,Sweden,Upplands Väsby Västra,dXBwbGFuZHMgdsOkc2J5IHbDpHN0cmFzdG9ja2hvbG1zIGzDpG5zd2VkZW4,online,['/ip4/85.228.46.22/tcp/44158'],786013.0
44,7062,16.288207032327715,60.54210231179623,2021-02-04T16:40:11.000000Z,1.0,13NCaCjEqGPCrMgEGkzjLEAX3dfaGDNA9SksARATyRgEyxuJLGg,2,flaky-raspberry-parakeet,8c0884a5c81d7ff,786000.0,786000,704847,786049,112T38tgAse9LJ9ErAhb2JHkRrmc5A8zwwWvKgQRXPmHKhiE98yS,Smålandsgatan,Gävleborgs län,SE,Hofors,Smålandsgatan,Gävleborgs län,Sweden,Hofors,aG9mb3JzZ8OkdmxlYm9yZ3MgbMOkbnN3ZWRlbg,online,['/ip4/213.113.163.21/tcp/44158'],785977.0
45,7111,13.425697519649114,57.8030740545201,2021-02-03T18:26:13.000000Z,0.3333282470703125,14a1EcchN6gaqHzSh9u2NMuNCSzqWhxU11TWbsJG8Sn9q98bkCL,1,quick-sapphire-liger,8c08b615370adff,785826.0,785826,703633,786049,11bQNxMiMgoVGhaLvvF6VNPzfbqLo9twz144kbzoG5FxyY5hQjB,Stenmursgatan,Västra Götalands län,SE,Ulricehamn SO,Stenmursgatan,Västra Götalands län,Sweden,Ulricehamn SO,dWxyaWNlaGFtbiBzb3bDpHN0cmEgZ8O2dGFsYW5kcyBsw6Ruc3dlZGVu,online,['/p2p/112Xjz2f3cp1DcHqfshBX5WmTKzfuS7dSa9soY43r289AjShSsAs/p2p-circuit/p2p/11bQNxMiMgoVGhaLvvF6VNPzfbqLo9twz144kbzoG5FxyY5hQjB'],785990.0
46,7114,13.431992541679609,57.80660748340407,2021-02-03T17:32:41.000000Z,0.3333282470703125,14a1EcchN6gaqHzSh9u2NMuNCSzqWhxU11TWbsJG8Sn9q98bkCL,1,hidden-topaz-cougar,8c08b61536695ff,785845.0,785845,703575,786049,11r3qBKtv82Zsgg8zxWNV8wg2mnt7R2BwfFoofNsVyLzBHeKsD8,Tåmarksgatan,Västra Götalands län,SE,Ulricehamn SO,Tåmarksgatan,Västra Götalands län,Sweden,Ulricehamn SO,dWxyaWNlaGFtbiBzb3bDpHN0cmEgZ8O2dGFsYW5kcyBsw6Ruc3dlZGVu,online,['/ip4/81.234.116.176/tcp/44158'],786017.0
47,7120,13.42355623008939,57.793043276771186,2021-02-03T15:56:58.000000Z,1.0,14a1EcchN6gaqHzSh9u2NMuNCSzqWhxU11TWbsJG8Sn9q98bkCL,1,dancing-green-haddock,8c08b602c8707ff,785874.0,785874,703462,786049,112q8rTqZotzh5HX3YjdYnZNPBu9UwTLre7djU8cWZ1SVuCn4U5e,Riddarebacken,Västra Götalands län,SE,Ulricehamn,Riddarebacken,Västra Götalands län,Sweden,Ulricehamn,dWxyaWNlaGFtbnbDpHN0cmEgZ8O2dGFsYW5kcyBsw6Ruc3dlZGVu,online,['/ip4/81.234.161.191/tcp/44158'],786022.0
48,7124,13.436031374606145,57.858672856137865,2021-02-03T14:33:14.000000Z,1.0,14HzZRyju96jHNPjnk3KZFuz8scmK9q4MTJPr7bYdFEo6WYJEmM,1,bubbly-foggy-hamster,8c08b615d3769ff,785990.0,785990,703376,786049,112jWCz1p7J2M3rXW3FdqEi1HBPrQYWeWZ87DB2ASmidjUKRMKAF,Sjätte ringvägen,Västra Götalands län,SE,Ulricehamn NO,Sjätte ringvägen,Västra Götalands län,Sweden,Ulricehamn NO,dWxyaWNlaGFtbiBub3bDpHN0cmEgZ8O2dGFsYW5kcyBsw6Ruc3dlZGVu,online,['/p2p/11gDhptkNr1fcwoYDq5hAw96urLYhkdodmnRjBKVyjQ23sfz1vJ/p2p-circuit/p2p/112jWCz1p7J2M3rXW3FdqEi1HBPrQYWeWZ87DB2ASmidjUKRMKAF'],786022.0
49,7132,13.006740223703556,57.72901438422664,2021-02-03T08:31:10.000000Z,1.0,14Rqw67Er4T4mDitRR5hkvDbefXUhVQGiaVV4yzgSF3sVtu6PfU,1,gentle-concrete-swallow,8c08b688ec091ff,785872.0,785872,703072,786049,112uMtzhUEfEV3z1SjuTSKLY1PXJY2tHhorFEPR2SeW9aCJgR2dM,Aspgatan,Västra Götalands län,SE,Brämhult,Aspgatan,Västra Götalands län,Sweden,Brämhult,YnLDpG1odWx0dsOkc3RyYSBnw7Z0YWxhbmRzIGzDpG5zd2VkZW4,online,['/p2p/11FCf5qFXjjRdN78tvZL1gfTRf6BgzkJSySRCuK5SvfPgJfGDwk/p2p-circuit/p2p/112uMtzhUEfEV3z1SjuTSKLY1PXJY2tHhorFEPR2SeW9aCJgR2dM'],786022.0
50,7133,12.901988002948501,57.7263126534684,2021-02-03T08:07:22.000000Z,1.0,14Rqw67Er4T4mDitRR5hkvDbefXUhVQGiaVV4yzgSF3sVtu6PfU,1,flat-taffy-squid,8c08b68a300a1ff,785761.0,785761,703056,786049,11PStLNAtj8K8urXQJ9E9LHg5bmZ1EeZMDLtoULXZXyeTyNnnTN,Symfonigatan,Västra Götalands län,SE,Byttorp,Symfonigatan,Västra Götalands län,Sweden,Byttorp,Ynl0dG9ycHbDpHN0cmEgZ8O2dGFsYW5kcyBsw6Ruc3dlZGVu,online,['/ip4/81.235.20.9/tcp/37465'],786016.0
51,7158,13.42448384638061,57.864269586597224,2021-02-02T18:53:52.000000Z,1.0,14HzZRyju96jHNPjnk3KZFuz8scmK9q4MTJPr7bYdFEo6WYJEmM,1,glorious-metal-penguin,8c08b614e612dff,785862.0,785862,702237,786049,112opfusP3G3pXxUfz8s9fCDf59fE1SrspTZttf2UKYiUiCTvFkc,Björklövsvägen,Västra Götalands län,SE,Timmele,Björklövsvägen,Västra Götalands län,Sweden,Timmele,dGltbWVsZXbDpHN0cmEgZ8O2dGFsYW5kcyBsw6Ruc3dlZGVu,online,['/p2p/11GodUaKXpiHZtCtKTYvd8BWTjs5RLUmNDCz5wRRjoofcRqfkin/p2p-circuit/p2p/112opfusP3G3pXxUfz8s9fCDf59fE1SrspTZttf2UKYiUiCTvFkc'],786029.0
52,7164,13.556901814082046,58.17344919969671,2021-02-02T18:30:28.000000Z,1.0,13rbdSBcshNAkLLJKiBUxzYjRnX3G551AUd1CVGqqe7HExScDc4,1,thankful-burgundy-cougar,8c08b6a580051ff,785925.0,785987,702209,786049,112TJsJAHqAuMKE7B4APxuqzaRW5uh9mYjHKoEfiXfzM4QXnzbKf,Wetterlinsgatan,Västra Götalands län,SE,Dotorp-Ranten,Wetterlinsgatan,Västra Götalands län,Sweden,Dotorp-Ranten,ZG90b3JwLXJhbnRlbnbDpHN0cmEgZ8O2dGFsYW5kcyBsw6Ruc3dlZGVu,online,['/ip4/188.148.75.201/tcp/49454'],786008.0
53,7188,13.546034336671484,58.18283765674181,2021-02-02T17:05:27.000000Z,1.0,13rbdSBcshNAkLLJKiBUxzYjRnX3G551AUd1CVGqqe7HExScDc4,1,zealous-gingham-dolphin,8c08b6a5d7b6bff,785837.0,785979,702108,786049,11YabtkKGH3YwbhDPSrRCf6M1iDEhjtL7dfuVYEELofuwjCiVUm,Mössebergsparken,Västra Götalands län,SE,Bestorp-Anneborg,Mössebergsparken,Västra Götalands län,Sweden,Bestorp-Anneborg,YmVzdG9ycC1hbm5lYm9yZ3bDpHN0cmEgZ8O2dGFsYW5kcyBsw6Ruc3dlZGVu,online,['/ip4/78.73.132.172/tcp/44158'],786027.0
54,7191,18.038143419268415,59.31930005888874,2021-02-02T16:36:16.000000Z,0.3205108642578125,14Rqw67Er4T4mDitRR5hkvDbefXUhVQGiaVV4yzgSF3sVtu6PfU,1,prehistoric-hazelnut-sheep,8c088661ccd9bff,785767.0,785826,702073,786049,116NWT7jS45AsQScyMSsonV3WzsKF4ojkUvaXG6JdCW1wv1uPsd,Heleneborgsgatan,Stockholms län,SE,Södermalm,Heleneborgsgatan,Stockholms län,Sweden,Södermalm,c8O2ZGVybWFsbXN0b2NraG9sbXMgbMOkbnN3ZWRlbg,online,['/p2p/112SzQRVzjbk2KD5ReLb2c1Jk2wWAhvsJVYCNJrvMsW4iN6sLsVf/p2p-circuit/p2p/116NWT7jS45AsQScyMSsonV3WzsKF4ojkUvaXG6JdCW1wv1uPsd'],786016.0
55,7226,11.995930638441276,57.68075541686051,2021-02-01T21:09:27.000000Z,1.0,14Rqw67Er4T4mDitRR5hkvDbefXUhVQGiaVV4yzgSF3sVtu6PfU,1,zesty-grey-chicken,8c1f25069010bff,785956.0,785956,700899,786049,11u4XLetGNzvkDDe15F74kWzK8Y2eFac1c6bLBtQhkdQzM8RxYp,Falkenbergsgatan,Västra Götalands län,SE,Krokslätt,Falkenbergsgatan,Västra Götalands län,Sweden,Krokslätt,a3Jva3Nsw6R0dHbDpHN0cmEgZ8O2dGFsYW5kcyBsw6Ruc3dlZGVu,online,['/p2p/11h6efsDcB8HiXKZVC2LXJvJJWZnWZ9ZhD5zy7DrKTrxEQHwRSt/p2p-circuit/p2p/11u4XLetGNzvkDDe15F74kWzK8Y2eFac1c6bLBtQhkdQzM8RxYp'],786029.0
56,7430,16.286003403842955,60.5458414439726,2021-01-29T09:33:56.000000Z,1.0,13NCaCjEqGPCrMgEGkzjLEAX3dfaGDNA9SksARATyRgEyxuJLGg,1,gentle-iris-pigeon,8c0884a43495bff,785831.0,785991,696459,786049,11HXHhF7iEsQuritkLER7xoXW98tS45eCk8e8GRcoF7YVFoPXd8,Skolgatan,Gävleborgs län,SE,Hofors,Skolgatan,Gävleborgs län,Sweden,Hofors,aG9mb3JzZ8OkdmxlYm9yZ3MgbMOkbnN3ZWRlbg,online,['/ip4/81.232.137.216/tcp/61959'],786035.0
57,7478,18.020766806004072,59.307598068966634,2021-01-28T19:34:16.000000Z,1.0,14Rqw67Er4T4mDitRR5hkvDbefXUhVQGiaVV4yzgSF3sVtu6PfU,2,blunt-strawberry-halibut,8c08866110069ff,785840.0,785990,695768,786049,112uF9G76ZKi583BHzrroqHp4aCWFH5PD1zPQPfPxBD62ZgaAFa2,Nybohovsgränd,Stockholms län,SE,Hägersten-Liljeholmen,Nybohovsgränd,Stockholms län,Sweden,Hägersten-Liljeholmen,aMOkZ2Vyc3Rlbi1saWxqZWhvbG1lbnN0b2NraG9sbXMgbMOkbnN3ZWRlbg,online,['/ip4/80.217.165.46/tcp/9289'],785963.0
58,7497,16.29121106080991,60.54732488453908,2021-01-28T12:21:36.000000Z,1.0,13NCaCjEqGPCrMgEGkzjLEAX3dfaGDNA9SksARATyRgEyxuJLGg,5,early-banana-ostrich,8c0884a5cb28dff,785958.0,785958,695415,786049,11xqUST7ofaiFem3qHSmRWMJo649VMyvjGgbzw7RY9p6gjVjAje,Storgatan,Gävleborgs län,SE,Hofors,Storgatan,Gävleborgs län,Sweden,Hofors,aG9mb3JzZ8OkdmxlYm9yZ3MgbMOkbnN3ZWRlbg,online,['/p2p/112d1yaPq2YG6fCFQ2rbTypsD5GpgTawTjK7doDpuAh7SRAc5fya/p2p-circuit/p2p/11xqUST7ofaiFem3qHSmRWMJo649VMyvjGgbzw7RY9p6gjVjAje'],786034.0
59,7499,16.28728973211265,60.55330153121575,2021-01-28T08:35:06.000000Z,1.0,13NCaCjEqGPCrMgEGkzjLEAX3dfaGDNA9SksARATyRgEyxuJLGg,2,witty-burgundy-beaver,8c0884a437217ff,785909.0,785966,695214,786049,112Hspjpeg9yRqo1DPaCy7yGMcuGyg93ZXT9TzB8ZFk4piTLo7fL,Källgatan,Gävleborgs län,SE,Hofors,Källgatan,Gävleborgs län,Sweden,Hofors,aG9mb3JzZ8OkdmxlYm9yZ3MgbMOkbnN3ZWRlbg,online,['/p2p/112bSaxRaXptnGGthehVmvGVQeDBM8yMMpTyPN2FmFkyyEYuc5vg/p2p-circuit/p2p/112Hspjpeg9yRqo1DPaCy7yGMcuGyg93ZXT9TzB8ZFk4piTLo7fL'],786013.0
60,7593,18.090741330062908,59.30324686130637,2021-01-26T21:33:18.000000Z,0.641021728515625,14YrxhGtHr3XxU91v1wA8umqV76ssjGmQMwwghS7YAEmZFgDmhE,1,steep-iron-elk,8c088661aca43ff,785958.0,785958,693450,786049,11qbA1F2SqR2HF8RBHq9ratpxxkSwFbGpjAZxXbdMzeCiMK5MoB,Hammarby allé,Stockholms län,SE,Södermalm,Hammarby allé,Stockholms län,Sweden,Södermalm,c8O2ZGVybWFsbXN0b2NraG9sbXMgbMOkbnN3ZWRlbg,online,['/ip4/83.248.57.183/tcp/44158'],786013.0
61,7649,11.969925259451427,57.69990621169816,2021-01-26T14:02:01.000000Z,1.0,14Rqw67Er4T4mDitRR5hkvDbefXUhVQGiaVV4yzgSF3sVtu6PfU,1,damp-white-cricket,8c1f2506d8847ff,785951.0,785998,693055,786049,112638Zq4es37K1jcEVVLUU52ak52mxbpD8f73pHF9KXeqLtA6Rj,Vasaplatsen,Västra Götalands län,SE,Lorensberg,Vasaplatsen,Västra Götalands län,Sweden,Lorensberg,bG9yZW5zYmVyZ3bDpHN0cmEgZ8O2dGFsYW5kcyBsw6Ruc3dlZGVu,online,['/ip4/188.149.57.121/tcp/22768'],786028.0
62,7650,11.9594066834696,57.701871869129114,2021-01-26T14:00:47.000000Z,1.0,14Rqw67Er4T4mDitRR5hkvDbefXUhVQGiaVV4yzgSF3sVtu6PfU,1,future-blue-bird,8c1f25a936f41ff,785816.0,785816,693054,786049,112F1CApqkMeCJjEjyicv88GLAEB8cBWuwetAkyAbUZP7xKRwXxS,Arsenalsgatan,Västra Götalands län,SE,Inom Vallgraven,Arsenalsgatan,Västra Götalands län,Sweden,Inom Vallgraven,aW5vbSB2YWxsZ3JhdmVudsOkc3RyYSBnw7Z0YWxhbmRzIGzDpG5zd2VkZW4,online,['/ip4/83.253.185.161/tcp/61289'],786022.0
63,7652,18.057713968829788,59.34939340868318,2021-01-26T13:32:21.000000Z,1.0,14Rqw67Er4T4mDitRR5hkvDbefXUhVQGiaVV4yzgSF3sVtu6PfU,1,decent-eggplant-kitten,8c088660e6b35ff,785992.0,785992,693039,786049,1125mrnTKH7mRduLx5hxfCZRCv3kRULA3NKZ7DYMu1RTBLT8E58k,Ingemarsgatan,Stockholms län,SE,Norrmalm,Ingemarsgatan,Stockholms län,Sweden,Norrmalm,bm9ycm1hbG1zdG9ja2hvbG1zIGzDpG5zd2VkZW4,online,['/ip4/89.160.98.215/tcp/24963'],786016.0
64,7653,17.981439973717663,59.297985163874046,2021-01-26T13:21:51.000000Z,1.0,14Rqw67Er4T4mDitRR5hkvDbefXUhVQGiaVV4yzgSF3sVtu6PfU,1,beautiful-berry-puma,8c08866155829ff,785892.0,785892,693030,786049,11cpWzMkaUuDNtrU8VcjnfSxnMnut8yA2mGdJKH2gb8Rkz6DUHi,Lotterivägen,Stockholms län,SE,Hägersten-Liljeholmen,Lotterivägen,Stockholms län,Sweden,Hägersten-Liljeholmen,aMOkZ2Vyc3Rlbi1saWxqZWhvbG1lbnN0b2NraG9sbXMgbMOkbnN3ZWRlbg,online,['/ip4/83.250.110.106/tcp/52065'],786028.0
65,7654,18.042667974612375,59.39601560864745,2021-01-26T13:07:51.000000Z,1.0,14Rqw67Er4T4mDitRR5hkvDbefXUhVQGiaVV4yzgSF3sVtu6PfU,1,glamorous-frost-buffalo,8c0886672d233ff,785847.0,785847,693018,786049,11dYCk8MDbLjvw5khoeGNmjDGbsU3rrSUdNytEy63A5yjhd1tBY,Mörbyhöjden,Stockholms län,SE,Danderyds distrikt,Mörbyhöjden,Stockholms län,Sweden,Danderyds distrikt,ZGFuZGVyeWRzIGRpc3RyaWt0c3RvY2tob2xtcyBsw6Ruc3dlZGVu,online,['/ip4/83.254.14.197/tcp/1646'],786000.0
66,7656,11.970585620988837,57.69568327540717,2021-01-26T12:48:20.000000Z,1.0,14Rqw67Er4T4mDitRR5hkvDbefXUhVQGiaVV4yzgSF3sVtu6PfU,1,bubbly-chiffon-mole,8c1f2506d184bff,785845.0,785845,693002,786049,1125VYaSdk8hdoHrLU1zSZg98pEdWiKC1aUveGr4xUnhoEE4kKf3,Erik Dahlbergsgatan,Västra Götalands län,SE,Landala,Erik Dahlbergsgatan,Västra Götalands län,Sweden,Landala,bGFuZGFsYXbDpHN0cmEgZ8O2dGFsYW5kcyBsw6Ruc3dlZGVu,online,['/p2p/11r4fAxmVKqLwwmgdFcUc5hnmMPHhLCA765oDF7o89rLdqdWM6R/p2p-circuit/p2p/1125VYaSdk8hdoHrLU1zSZg98pEdWiKC1aUveGr4xUnhoEE4kKf3'],786016.0
67,7657,18.0316743711336,59.33969249380002,2021-01-26T12:37:17.000000Z,1.0,14Rqw67Er4T4mDitRR5hkvDbefXUhVQGiaVV4yzgSF3sVtu6PfU,1,shambolic-silver-capybara,8c088660376c3ff,776282.0,785707,692993,786049,11t3QP751t2spMhDqScNF2Mr13QcTpkCq2oUgnb72DpunGmNoVT,Drejargatan,Stockholms län,SE,Norrmalm,Drejargatan,Stockholms län,Sweden,Norrmalm,bm9ycm1hbG1zdG9ja2hvbG1zIGzDpG5zd2VkZW4,offline,,776510.0
68,7658,18.06630819043248,59.3401851058803,2021-01-26T12:20:47.000000Z,0.641021728515625,14Rqw67Er4T4mDitRR5hkvDbefXUhVQGiaVV4yzgSF3sVtu6PfU,1,urban-zinc-python,8c088661d0eebff,785811.0,785811,692977,786049,11z7V5iN2fm6yj96hvfgUm49VD3ZTq4RFw4MgWoW7C7vVnnEpP9,Birger Jarlsgatan,Stockholms län,SE,Norrmalm,Birger Jarlsgatan,Stockholms län,Sweden,Norrmalm,bm9ycm1hbG1zdG9ja2hvbG1zIGzDpG5zd2VkZW4,online,['/ip4/2.248.87.164/tcp/44158'],786016.0
69,7743,18.114177568613012,59.292340150424245,2021-01-25T19:51:43.000000Z,1.0,14Rqw67Er4T4mDitRR5hkvDbefXUhVQGiaVV4yzgSF3sVtu6PfU,1,jovial-coffee-mole,8c08866a9c43dff,785978.0,786015,692094,786049,11c2abZBau1FR5rVcondZbgpuTx6n2Fm7WtRctJePw2xJakWLuF,Skanörvägen,Stockholms län,SE,Björkhagen,Skanörvägen,Stockholms län,Sweden,Björkhagen,YmrDtnJraGFnZW5zdG9ja2hvbG1zIGzDpG5zd2VkZW4,online,['/p2p/112h8JVUFHm1grDapTFvn8LnA5YUzzohxCQVKKQLfDF1rPzvXoUW/p2p-circuit/p2p/11c2abZBau1FR5rVcondZbgpuTx6n2Fm7WtRctJePw2xJakWLuF'],786028.0
70,7746,18.102259496334806,59.33775745425472,2021-01-25T19:47:00.000000Z,0.641021728515625,14Rqw67Er4T4mDitRR5hkvDbefXUhVQGiaVV4yzgSF3sVtu6PfU,1,obedient-candy-alligator,8c08866190b59ff,785966.0,785966,692090,786049,11264nuMuht3NRJsZUqHKpFwR6ujNCrVRuNibgR5DCSknGMcvmGp,Valhallavägen,Stockholms län,SE,Östermalm,Valhallavägen,Stockholms län,Sweden,Östermalm,w7ZzdGVybWFsbXN0b2NraG9sbXMgbMOkbnN3ZWRlbg,online,['/ip4/81.235.186.89/tcp/35904'],786024.0
71,7748,18.038222706447648,59.33622939269048,2021-01-25T19:47:00.000000Z,1.0,14Rqw67Er4T4mDitRR5hkvDbefXUhVQGiaVV4yzgSF3sVtu6PfU,1,nutty-steel-sealion,8c088660361bdff,785808.0,785808,692090,786049,11736G2EXU8a9XP2d5VX6bAV9ChzBKXojCBurLFfRX5tDpELdN2,Kungsholms strand,Stockholms län,SE,Kungsholmen,Kungsholms strand,Stockholms län,Sweden,Kungsholmen,a3VuZ3Nob2xtZW5zdG9ja2hvbG1zIGzDpG5zd2VkZW4,online,['/p2p/112GevFSarHBhDwUTGt4qPMUQuvTkdeoW9QKFnwgvkuoSiEGgrVP/p2p-circuit/p2p/11736G2EXU8a9XP2d5VX6bAV9ChzBKXojCBurLFfRX5tDpELdN2'],786028.0
72,7750,18.081494147748327,59.31454431820973,2021-01-25T19:45:40.000000Z,0.641021728515625,14Rqw67Er4T4mDitRR5hkvDbefXUhVQGiaVV4yzgSF3sVtu6PfU,1,micro-carob-narwhal,8c08866185969ff,785788.0,785859,692089,786049,112wbwJB2y1xj8uzspSbjWqnrCuLUAAbT47srzUHij98hyrMipSz,Nytorgsgatan,Stockholms län,SE,Södermalm,Nytorgsgatan,Stockholms län,Sweden,Södermalm,c8O2ZGVybWFsbXN0b2NraG9sbXMgbMOkbnN3ZWRlbg,online,['/p2p/112cvTuF3qyUWKpiP1aRY25biqKuvYT9RaFu38boSaTpJCUH3zG6/p2p-circuit/p2p/112wbwJB2y1xj8uzspSbjWqnrCuLUAAbT47srzUHij98hyrMipSz'],786010.0
73,7755,18.082112868854566,59.310725474307155,2021-01-25T19:07:26.000000Z,0.641021728515625,14Rqw67Er4T4mDitRR5hkvDbefXUhVQGiaVV4yzgSF3sVtu6PfU,1,little-paisley-badger,8c088661a9157ff,785787.0,785941,692079,786049,11QX5LHJddQwqKf98UJGUsunNWAPCGhNTeiWBPnGNE1CN8RX7Pq,Södermannagatan,Stockholms län,SE,Södermalm,Södermannagatan,Stockholms län,Sweden,Södermalm,c8O2ZGVybWFsbXN0b2NraG9sbXMgbMOkbnN3ZWRlbg,online,"['/ip4/188.151.150.10/tcp/22319', '/p2p/11CWpt9CYfATpyDuS6LLyamwNao4ZZxbqkbV9BNutu3d3etmf1o/p2p-circuit/p2p/11QX5LHJddQwqKf98UJGUsunNWAPCGhNTeiWBPnGNE1CN8RX7Pq']",785995.0
74,7757,18.068327009479038,59.33755692955007,2021-01-25T19:07:26.000000Z,0.641021728515625,14Rqw67Er4T4mDitRR5hkvDbefXUhVQGiaVV4yzgSF3sVtu6PfU,1,plain-ultraviolet-carp,8c088661d7207ff,786043.0,786043,692079,786049,11ZjFhuTnwbSs3pcvYwgg7tuAHx2n9NAW45yoQ1JCH958Ue8qgz,David Bagares gata,Stockholms län,SE,Norrmalm,David Bagares gata,Stockholms län,Sweden,Norrmalm,bm9ycm1hbG1zdG9ja2hvbG1zIGzDpG5zd2VkZW4,online,['/ip4/188.150.14.88/tcp/1892'],786016.0
75,7765,11.944875659444616,57.723241339386966,2021-01-25T18:34:43.000000Z,1.0,14Rqw67Er4T4mDitRR5hkvDbefXUhVQGiaVV4yzgSF3sVtu6PfU,1,itchy-mandarin-tuna,8c1f25a903a95ff,785943.0,785971,692057,786049,11CECCzSE4HRYiC1YZQmJDSuF31S8CXVtsB2dJPCEYaYvz2eFhW,Gustaf Dalénsgatan,Västra Götalands län,SE,Kvillebäcken,Gustaf Dalénsgatan,Västra Götalands län,Sweden,Kvillebäcken,a3ZpbGxlYsOkY2tlbnbDpHN0cmEgZ8O2dGFsYW5kcyBsw6Ruc3dlZGVu,online,['/ip4/81.237.198.251/tcp/44158'],786027.0
76,7770,18.065176282390553,59.34207539103966,2021-01-25T18:16:45.000000Z,0.641021728515625,14Rqw67Er4T4mDitRR5hkvDbefXUhVQGiaVV4yzgSF3sVtu6PfU,2,hot-malachite-hawk,8c088661d04c5ff,785885.0,785981,692047,786049,112EtxhuYmXrFCeAjVPWbxXvuhLoDKBkZVDYpfjRhUbNZ7yv2u1s,Birger Jarlsgatan,Stockholms län,SE,Östermalm,Birger Jarlsgatan,Stockholms län,Sweden,Östermalm,w7ZzdGVybWFsbXN0b2NraG9sbXMgbMOkbnN3ZWRlbg,online,['/ip4/83.249.28.12/tcp/43863'],786022.0
77,7774,11.97379378156058,57.70724837355404,2021-01-25T18:07:16.000000Z,1.0,14Rqw67Er4T4mDitRR5hkvDbefXUhVQGiaVV4yzgSF3sVtu6PfU,1,tiny-pastel-fly,8c1f25a932e87ff,785939.0,785939,692037,786049,11cf4fM8FUFjXC5FiXtjZ2Z3HNy4icbpbTh1yQQmy7933DBzNoG,Stora Nygatan,Västra Götalands län,SE,Inom Vallgraven,Stora Nygatan,Västra Götalands län,Sweden,Inom Vallgraven,aW5vbSB2YWxsZ3JhdmVudsOkc3RyYSBnw7Z0YWxhbmRzIGzDpG5zd2VkZW4,online,['/ip4/83.252.26.214/tcp/42260'],786017.0
78,7775,11.940041280374055,57.69871161580153,2021-01-25T18:00:46.000000Z,1.0,14Rqw67Er4T4mDitRR5hkvDbefXUhVQGiaVV4yzgSF3sVtu6PfU,1,quick-zinc-seagull,8c1f2506c85a9ff,785956.0,785956,692030,786049,11vYy4UWwwuPkyF2inKtkbBbZhJXEDNJe3Z55aS1n8N4vSFJgQp,Masthuggsterrassen,Västra Götalands län,SE,Göteborg,Masthuggsterrassen,Västra Götalands län,Sweden,Göteborg,Z8O2dGVib3JndsOkc3RyYSBnw7Z0YWxhbmRzIGzDpG5zd2VkZW4,online,['/p2p/11vtrr8F6bXQxEJZP4DKoEXCe5uHPzP51h34HSLjdo43Yssj4aA/p2p-circuit/p2p/11vYy4UWwwuPkyF2inKtkbBbZhJXEDNJe3Z55aS1n8N4vSFJgQp'],786016.0
79,7777,11.962348720075045,57.69592807805756,2021-01-25T17:55:54.000000Z,1.0,14Rqw67Er4T4mDitRR5hkvDbefXUhVQGiaVV4yzgSF3sVtu6PfU,2,amateur-pineapple-swan,8c1f2506dc1e3ff,785860.0,785860,692025,786049,11eaKGXto9pofNv3D1Art2jQoHWZVCBHxSKR9WDtdNGxCST9rp9,Västergatan,Västra Götalands län,SE,Annedal,Västergatan,Västra Götalands län,Sweden,Annedal,YW5uZWRhbHbDpHN0cmEgZ8O2dGFsYW5kcyBsw6Ruc3dlZGVu,online,['/ip4/0.0.0.0/tcp/50372'],785999.0
80,7778,13.010956154519102,55.591978639082,2021-01-25T17:41:03.000000Z,1.0,14Rqw67Er4T4mDitRR5hkvDbefXUhVQGiaVV4yzgSF3sVtu6PfU,1,stale-cream-crab,8c1f05b847293ff,786008.0,786008,692008,786049,112rPQ1597Sw3fQJZ5yWcDLpiN5oNegDHFMXRSWYWad3Jfgcpzr5,Kristianstadsgatan,Skåne län,SE,Malmö,Kristianstadsgatan,Skåne län,Sweden,Malmö,bWFsbcO2c2vDpW5lIGzDpG5zd2VkZW4,online,['/ip4/85.228.198.25/tcp/11828'],786007.0
81,7781,18.09661927613998,59.36003325176159,2021-01-25T17:26:03.000000Z,1.0,14Rqw67Er4T4mDitRR5hkvDbefXUhVQGiaVV4yzgSF3sVtu6PfU,1,special-latte-halibut,8c088660a2e01ff,785970.0,785986,691990,786049,11j9qnYeXsxPJSFz8YgaGwVGQnHLoyPSPhMFhwACJjHqQPECfGp,Labradorgatan,Stockholms län,SE,Östermalm,Labradorgatan,Stockholms län,Sweden,Östermalm,w7ZzdGVybWFsbXN0b2NraG9sbXMgbMOkbnN3ZWRlbg,online,['/p2p/112Qtu2JfZQbY9LGeigaq3MpoHvgRqREz4VjnMX7uhVuKN1BW3HH/p2p-circuit/p2p/11j9qnYeXsxPJSFz8YgaGwVGQnHLoyPSPhMFhwACJjHqQPECfGp'],786007.0
82,7788,18.07515147112048,59.315119530673954,2021-01-25T17:21:33.000000Z,0.641021728515625,14Rqw67Er4T4mDitRR5hkvDbefXUhVQGiaVV4yzgSF3sVtu6PfU,1,kind-tiger-jaguar,8c088661e273bff,786048.0,786048,691985,786049,112rSPMMjF8F5Gjsk7rmNWynNunDTYRrF8c8ZYsaAFhKNrdkWXKH,Björns Trädgårdsgränd,Stockholms län,SE,Södermalm,Björns Trädgårdsgränd,Stockholms län,Sweden,Södermalm,c8O2ZGVybWFsbXN0b2NraG9sbXMgbMOkbnN3ZWRlbg,online,['/ip4/77.53.152.135/tcp/20331'],786024.0
83,7794,18.046334704955353,59.341529412086956,2021-01-25T16:36:56.000000Z,0.641021728515625,14Rqw67Er4T4mDitRR5hkvDbefXUhVQGiaVV4yzgSF3sVtu6PfU,1,acrobatic-mauve-octopus,8c088661d8059ff,785989.0,785989,691977,786049,112duWQkMhsmTdT7xaJ5SbFLX8E31mJmwaUhFBwQiEutJwhMqNcR,Odengatan,Stockholms län,SE,Norrmalm,Odengatan,Stockholms län,Sweden,Norrmalm,bm9ycm1hbG1zdG9ja2hvbG1zIGzDpG5zd2VkZW4,online,['/ip4/94.137.124.187/tcp/43479'],786025.0
84,7795,17.653552407019465,59.849070054345106,2021-01-25T16:32:58.000000Z,1.0,14Rqw67Er4T4mDitRR5hkvDbefXUhVQGiaVV4yzgSF3sVtu6PfU,1,spare-stone-boa,8c0880d9806a7ff,785891.0,786049,691974,786049,112nnbQ2JMZnaqm1xMj3GZ7EqiAu5sKkVWWJQULUPkGUXoaLJu43,Sågargatan,Uppsala län,SE,Kungsängen,Sågargatan,Uppsala län,Sweden,Kungsängen,a3VuZ3PDpG5nZW51cHBzYWxhIGzDpG5zd2VkZW4,online,['/ip4/90.229.147.248/tcp/44158'],785991.0
85,7801,18.026897749344734,59.32947645370077,2021-01-25T16:17:40.000000Z,1.0,14Rqw67Er4T4mDitRR5hkvDbefXUhVQGiaVV4yzgSF3sVtu6PfU,2,rural-infrared-parakeet,8c08866034867ff,785924.0,785969,691967,786049,114yUH9h23H6pjMnewrLRNjL3aMPF188HR5RdUwJN3A97epVVBJ,Norr Mälarstrand,Stockholms län,SE,Kungsholmen,Norr Mälarstrand,Stockholms län,Sweden,Kungsholmen,a3VuZ3Nob2xtZW5zdG9ja2hvbG1zIGzDpG5zd2VkZW4,online,['/ip4/178.174.205.142/tcp/34635'],786016.0
86,7820,18.004692881073098,59.325375376830046,2021-01-25T13:53:04.000000Z,1.0,14Rqw67Er4T4mDitRR5hkvDbefXUhVQGiaVV4yzgSF3sVtu6PfU,1,short-saffron-pigeon,8c08866020413ff,785990.0,785990,691829,786049,112TSyNuHgyPAJXy1wr1GcDcnyEFHdWLDG9y3EzCMJyQkCADd6Jc,Josefinavägen,Stockholms län,SE,Kungsholmen,Josefinavägen,Stockholms län,Sweden,Kungsholmen,a3VuZ3Nob2xtZW5zdG9ja2hvbG1zIGzDpG5zd2VkZW4,online,['/ip4/85.30.51.103/tcp/43690'],786014.0
87,7821,13.008491937009428,55.59277799356643,2021-01-25T13:42:15.000000Z,1.0,14Rqw67Er4T4mDitRR5hkvDbefXUhVQGiaVV4yzgSF3sVtu6PfU,1,clumsy-coal-hornet,8c1f05b840d65ff,786039.0,786039,691818,786049,112w8btqbzgXx8DTjkMzaCVhh9TkgUMbzNgkwP9wrB7z17ZgJPF,Kristianstadsgatan,Skåne län,SE,Malmö,Kristianstadsgatan,Skåne län,Sweden,Malmö,bWFsbcO2c2vDpW5lIGzDpG5zd2VkZW4,online,['/ip4/85.228.143.121/tcp/35437'],786029.0
88,7822,11.946923593550205,57.699474268291176,2021-01-25T13:35:22.000000Z,1.0,14Rqw67Er4T4mDitRR5hkvDbefXUhVQGiaVV4yzgSF3sVtu6PfU,1,bouncy-cinnabar-swift,8c1f2506cb19bff,785790.0,785927,691811,786049,11qxqKMXKZd1RzsY54ki28XjCDKLjE4kp5EP4BWtwPZUUGnfNdv,Första Långgatan,Västra Götalands län,SE,Olivedal,Första Långgatan,Västra Götalands län,Sweden,Olivedal,b2xpdmVkYWx2w6RzdHJhIGfDtnRhbGFuZHMgbMOkbnN3ZWRlbg,online,['/ip4/188.149.38.209/tcp/1987'],786007.0
89,7823,18.003895941712564,59.3228628675651,2021-01-25T13:29:28.000000Z,1.0,14Rqw67Er4T4mDitRR5hkvDbefXUhVQGiaVV4yzgSF3sVtu6PfU,1,cheesy-saffron-robin,8c08866020193ff,785887.0,785887,691805,786049,11DY3w3U9FmCgJaM4ZdB5Z2i9NU85EUUuWmuSsSqxF8wKtZbBzP,Primusgatan,Stockholms län,SE,Kungsholmen,Primusgatan,Stockholms län,Sweden,Kungsholmen,a3VuZ3Nob2xtZW5zdG9ja2hvbG1zIGzDpG5zd2VkZW4,online,['/ip4/83.227.83.133/tcp/44158'],786016.0
90,7827,11.949502667677796,57.695203588066505,2021-01-25T13:00:46.000000Z,1.0,14Rqw67Er4T4mDitRR5hkvDbefXUhVQGiaVV4yzgSF3sVtu6PfU,1,rhythmic-silver-ape,8c1f2506cad29ff,786036.0,786036,691776,786049,112KzPAiRt133tL6rMpuZNCmvzhvRmSDQXAtP3FZYxVYsyabCeBA,Övre Djupedalsgatan,Västra Götalands län,SE,Olivedal,Övre Djupedalsgatan,Västra Götalands län,Sweden,Olivedal,b2xpdmVkYWx2w6RzdHJhIGfDtnRhbGFuZHMgbMOkbnN3ZWRlbg,online,['/ip4/92.32.67.226/tcp/44158'],786015.0
91,7831,13.029131180472483,55.6049755451115,2021-01-25T12:17:19.000000Z,1.0,14Rqw67Er4T4mDitRR5hkvDbefXUhVQGiaVV4yzgSF3sVtu6PfU,1,happy-bone-dragon,8c1f05ba36f4bff,785900.0,785900,691733,786049,112eJuxgdS22LuCU2B53N1BWF7YnYHYiFJDEwvTGnc65EKEAgeZk,Nobelvägen,Skåne län,SE,Värnhem,Nobelvägen,Skåne län,Sweden,Värnhem,dsOkcm5oZW1za8OlbmUgbMOkbnN3ZWRlbg,online,['/ip4/89.160.110.189/tcp/44158'],786027.0
92,7834,11.957486690188874,57.702424760378214,2021-01-25T12:01:03.000000Z,1.0,14Rqw67Er4T4mDitRR5hkvDbefXUhVQGiaVV4yzgSF3sVtu6PfU,2,digital-jade-pheasant,8c1f25a93613dff,785939.0,785939,691717,786049,11qQQA16CP8vZrPXL9PmmjdctGGhiFX8edVLHTBQvg5c5ZFDuXU,Kungsgatan,Västra Götalands län,SE,Inom Vallgraven,Kungsgatan,Västra Götalands län,Sweden,Inom Vallgraven,aW5vbSB2YWxsZ3JhdmVudsOkc3RyYSBnw7Z0YWxhbmRzIGzDpG5zd2VkZW4,online,['/ip4/83.248.110.52/tcp/25946'],785979.0
93,7836,18.08680713497305,59.31073806541322,2021-01-25T11:52:46.000000Z,0.641021728515625,14Rqw67Er4T4mDitRR5hkvDbefXUhVQGiaVV4yzgSF3sVtu6PfU,2,gentle-carbon-starling,8c088661a8335ff,785950.0,785950,691709,786049,112iqg8juSXRPW59akrWU2ciXv8m5hgSHrjFTxAY97jRcNiQNBV,Malmgårdsvägen,Stockholms län,SE,Södermalm,Malmgårdsvägen,Stockholms län,Sweden,Södermalm,c8O2ZGVybWFsbXN0b2NraG9sbXMgbMOkbnN3ZWRlbg,online,['/ip4/213.114.133.253/tcp/12771'],786035.0
94,7838,18.034021863276717,59.34611236311346,2021-01-25T11:35:16.000000Z,1.0,14Rqw67Er4T4mDitRR5hkvDbefXUhVQGiaVV4yzgSF3sVtu6PfU,1,expert-ultraviolet-huskie,8c088660326cdff,785819.0,785819,691694,786049,11vcMi46ppmZpbhaDH63CVjNzETnCeVPu9uYH4pyxnpBZocQDhV,Norra Stationsgatan,Stockholms län,SE,Norrmalm,Norra Stationsgatan,Stockholms län,Sweden,Norrmalm,bm9ycm1hbG1zdG9ja2hvbG1zIGzDpG5zd2VkZW4,online,['/p2p/11eMofv6oYA3Y7LE4EZxJzwxzyjNHdedKSMNDP5y8pCuvnaMRQ6/p2p-circuit/p2p/11vcMi46ppmZpbhaDH63CVjNzETnCeVPu9uYH4pyxnpBZocQDhV'],786012.0
95,8916,18.027288037202368,59.33166771187025,2021-01-19T10:10:07.000000Z,1.0,13v9kMn5p1a3Y5vqnPxzqfaiEhhrRBaMLYk7SmiN3pJEx1WmBpT,2,digital-raspberry-anteater,8c088660341b7ff,730662.0,730662,682675,786049,11svwJNBPNUcAEBonbWECyT9yEzfyy8bDCgkqg6DtotU9L7zT5W,Fridhemsplan,Stockholms län,SE,Kungsholmen,Fridhemsplan,Stockholms län,Sweden,Kungsholmen,a3VuZ3Nob2xtZW5zdG9ja2hvbG1zIGzDpG5zd2VkZW4,offline,,730728.0
96,8917,18.015306078292078,59.356873761669824,2021-01-19T09:49:10.000000Z,1.0,13v9kMn5p1a3Y5vqnPxzqfaiEhhrRBaMLYk7SmiN3pJEx1WmBpT,2,hot-pear-alligator,8c08866012a95ff,785929.0,785929,682650,786049,11zxKsLgU7rRnwPerN4cumetkPryr81td23V99daqykwDoKm3Nf,Industrivägen,Stockholms län,SE,Hagalund,Industrivägen,Stockholms län,Sweden,Hagalund,aGFnYWx1bmRzdG9ja2hvbG1zIGzDpG5zd2VkZW4,online,[],786016.0
97,9071,13.224866450187069,55.7163434209676,2021-01-18T17:19:06.000000Z,1.0,14f2frf32J57saD6hXxSCCSGmG5CWuPktxbo9ZkExyBumoj1EZf,1,boxy-tweed-griffin,8c1f05b2b490dff,785802.0,785802,681678,786049,118NckBDafEMb8bGJq4PZNe4zDsRF8KqyggDitA6kLjv2baucie,Ideongatan,Skåne län,SE,Lund,Ideongatan,Skåne län,Sweden,Lund,bHVuZHNrw6VuZSBsw6Ruc3dlZGVu,online,['/p2p/112CYGvkaxPQUWE3YtGT1uW2kjhcGSaMTEJ9VTLs4Z4yUCdAHbNg/p2p-circuit/p2p/118NckBDafEMb8bGJq4PZNe4zDsRF8KqyggDitA6kLjv2baucie'],786020.0
98,9175,13.567868861056578,59.40933302289867,2021-01-17T12:47:24.000000Z,1.0,13n7s3G59C9jG1Zbe5r9omi9WkTkzq88y2s8vgMaL2ZeNGvijmK,1,long-purple-platypus,8c08b504805bbff,785876.0,785876,679878,786049,112v6yYMSDRBx8rrQDfHi5g3LgNYgX4ndR2CJwux6739UCcVDWww,Kantelegatan,Värmlands län,SE,Kronoparken,Kantelegatan,Värmlands län,Sweden,Kronoparken,a3Jvbm9wYXJrZW52w6RybWxhbmRzIGzDpG5zd2VkZW4,online,['/ip4/83.249.232.141/tcp/52477'],786025.0
99,10249,12.840467295315404,55.8707049633249,2020-12-27T23:54:19.000000Z,1.0,14hgdgqaUAVQVksdY4A9GKMf7iPEVGJLiJnTHLw9BMSwfGcwrSE,1,mammoth-pink-goose,8c1f2e5916e9dff,785995.0,785995,649313,786049,11bZgMT6Po91A43nEKqeXGi4h8PzyqybVVonCyAkQcZhcGQs7Zy,Tranchellsgatan,Skåne län,SE,Dammhagen,Tranchellsgatan,Skåne län,Sweden,Dammhagen,ZGFtbWhhZ2Vuc2vDpW5lIGzDpG5zd2VkZW4,online,['/p2p/112VJDMq8RA3EBuSuTFca44NGRJGWXsAYmq8RzPWaFUoD8P58Zsp/p2p-circuit/p2p/11bZgMT6Po91A43nEKqeXGi4h8PzyqybVVonCyAkQcZhcGQs7Zy'],786016.0
100,10254,12.70696199915874,56.04153466240995,2020-12-27T22:58:39.000000Z,1.0,14hgdgqaUAVQVksdY4A9GKMf7iPEVGJLiJnTHLw9BMSwfGcwrSE,1,funny-inky-tiger,8c1f232448657ff,,686030,649259,786049,11mCN8svrNoCxPomK7EAHK2qi8L4LZcRh2kot1jkmyHJr7r28CD,Övre Eneborgsvägen,Skåne län,SE,Helsingborg,Övre Eneborgsvägen,Skåne län,Sweden,Helsingborg,aGVsc2luZ2Jvcmdza8OlbmUgbMOkbnN3ZWRlbg,offline,,1.0
101,11429,11.960930281110475,57.68205286091706,2020-11-30T10:43:34.000000Z,1.0,13Wwpbanr8rMrGPBYajqDTHsScYJAVuXJwSP2hLD3nQk74Zm55y,1,fit-carob-copperhead,8c1f250681601ff,785876.0,785876,609711,786049,1122zTbMTaX5dS44HdVujLfkYrnh8dv1zNQFRMCy8uEiiWft55wT,Bruna stråket,Västra Götalands län,SE,Änggården,Bruna stråket,Västra Götalands län,Sweden,Änggården,w6RuZ2fDpXJkZW52w6RzdHJhIGfDtnRhbGFuZHMgbMOkbnN3ZWRlbg,online,['/ip4/135.181.106.176/tcp/44165'],786013.0
102,11707,11.996881761140008,57.75204847442972,2020-11-25T13:19:11.000000Z,1.0,13Wwpbanr8rMrGPBYajqDTHsScYJAVuXJwSP2hLD3nQk74Zm55y,1,cheerful-pebble-gecko,8c1f25a82b201ff,785993.0,785993,602647,786049,11iZ2qqLKaz99rWozZC9B9obXwZuTpn2m4UNGR83VgLpKUYVxy2,Importgatan,Västra Götalands län,SE,Backa,Importgatan,Västra Götalands län,Sweden,Backa,YmFja2F2w6RzdHJhIGfDtnRhbGFuZHMgbMOkbnN3ZWRlbg,online,['/ip4/135.181.106.176/tcp/44164'],786013.0
103,11984,17.963879973298788,59.30561206729092,2020-11-22T15:40:26.000000Z,1.0,13Wwpbanr8rMrGPBYajqDTHsScYJAVuXJwSP2hLD3nQk74Zm55y,1,helpful-olive-puppy,8c08866159947ff,785927.0,785927,598548,786049,112GevFSarHBhDwUTGt4qPMUQuvTkdeoW9QKFnwgvkuoSiEGgrVP,Klubbacken,Stockholms län,SE,Hägersten-Liljeholmen,Klubbacken,Stockholms län,Sweden,Hägersten-Liljeholmen,aMOkZ2Vyc3Rlbi1saWxqZWhvbG1lbnN0b2NraG9sbXMgbMOkbnN3ZWRlbg,online,['/ip4/135.181.106.176/tcp/44163'],786017.0
104,12199,11.950330394276026,57.69966939061587,2020-11-20T14:58:06.000000Z,1.0,13Wwpbanr8rMrGPBYajqDTHsScYJAVuXJwSP2hLD3nQk74Zm55y,1,sunny-gingham-sheep,8c1f2506cb5edff,786049.0,786049,596080,786049,11AdnedDhmsQ42vXtBoYqF2DuNqGjcMERN1zTEqdJzERu7tvS3n,Första Långgatan,Västra Götalands län,SE,Olivedal,Första Långgatan,Västra Götalands län,Sweden,Olivedal,b2xpdmVkYWx2w6RzdHJhIGfDtnRhbGFuZHMgbMOkbnN3ZWRlbg,online,['/ip4/135.181.106.176/tcp/44161'],786016.0
105,12206,18.082635188217047,59.339560321399496,2020-11-20T14:12:24.000000Z,0.641021728515625,13Wwpbanr8rMrGPBYajqDTHsScYJAVuXJwSP2hLD3nQk74Zm55y,1,skinny-brunette-armadillo,8c08866199b53ff,785988.0,785988,596041,786049,11L2XXdnBjVmJiyb86yLyhbkg75VYEjSx9D6qMKYdsS3mnJzXoS,Sibyllegatan,Stockholms län,SE,Östermalm,Sibyllegatan,Stockholms län,Sweden,Östermalm,w7ZzdGVybWFsbXN0b2NraG9sbXMgbMOkbnN3ZWRlbg,online,['/ip4/135.181.106.176/tcp/44162'],786012.0
106,12208,18.054891721599926,59.32995873683527,2020-11-20T13:24:15.000000Z,0.641021728515625,13Wwpbanr8rMrGPBYajqDTHsScYJAVuXJwSP2hLD3nQk74Zm55y,1,straight-tangerine-mantaray,8c088661c273bff,785896.0,785896,596000,786049,112vWyFAY6PeEjkPPfAoSm8DKSzjitPz6fHg9qHCfajM29BG1uvk,Blekholmsgatan,Stockholms län,SE,Norrmalm,Blekholmsgatan,Stockholms län,Sweden,Norrmalm,bm9ycm1hbG1zdG9ja2hvbG1zIGzDpG5zd2VkZW4,online,['/ip4/135.181.106.176/tcp/44160'],786022.0
107,12359,13.08118823805765,55.6756553408035,2020-11-16T10:22:45.000000Z,1.0,14Rqw67Er4T4mDitRR5hkvDbefXUhVQGiaVV4yzgSF3sVtu6PfU,1,round-lavender-millipede,8c1f05b154851ff,785790.0,785790,590976,786049,11x2SrLBRWhSo2aczif9VibRAp2cDEiPDCd7zGps5HpPcEpJ2a9,Pärongatan,Skåne län,SE,Lomma,Pärongatan,Skåne län,Sweden,Lomma,bG9tbWFza8OlbmUgbMOkbnN3ZWRlbg,online,['/ip4/84.216.109.60/tcp/58562'],785993.0
108,12398,13.015931065952802,55.59406135143987,2020-11-14T20:00:05.000000Z,1.0,14DXurfTM8ZRek6msvJWNGzpzCV836cu31Xw67zf8QJG9UtfQLV,1,best-wintergreen-bee,8c1f05b84380dff,786023.0,786023,589007,786049,1123uHKwytR5n6gApXZKa5eZNP5yQ1ZZ5HnQeHw2fhuwZEd54dkC,Falsterbogatan,Skåne län,SE,Malmö,Falsterbogatan,Skåne län,Sweden,Malmö,bWFsbcO2c2vDpW5lIGzDpG5zd2VkZW4,online,['/ip4/85.224.96.240/tcp/56317'],785999.0
109,12645,13.091363153693035,55.664794931468656,2020-11-09T16:07:41.000000Z,1.0,13aQeF2Rrg7KaAcAeU9ukuQ8mioLbo2pRrpNsUB4sMPZf9v13Rc,1,ancient-mauve-narwhal,8c1f05b102287ff,785869.0,785869,581642,786049,112t6GJJs6Pk8UEXr77EZCo7w36yvURZmK3ocXv3KCJQB7u9DuD6,Lingongatan,Skåne län,SE,Lomma,Lingongatan,Skåne län,Sweden,Lomma,bG9tbWFza8OlbmUgbMOkbnN3ZWRlbg,online,['/p2p/11kwHm5TzKvKeqkQB3nzW7ZPPvj4BtS25WhRAEuaTTdKFYVPaPj/p2p-circuit/p2p/112t6GJJs6Pk8UEXr77EZCo7w36yvURZmK3ocXv3KCJQB7u9DuD6'],786016.0
110,12719,17.952383945121568,59.24564078672353,2020-11-07T21:24:07.000000Z,1.0,14jKSEr49tLco8TLFDoe2mKWWPiiZUpTJP7c1sauA6EfSU11bXM,1,strong-chili-opossum,8c088678a76e5ff,785793.0,785793,578966,786049,116tq2o76udkh2hS5ywrpQBckAdgWGhEdRhikwXTXCARqu5wahg,Tjäderspelsvägen,Stockholms län,SE,Fullersta,Tjäderspelsvägen,Stockholms län,Sweden,Fullersta,ZnVsbGVyc3Rhc3RvY2tob2xtcyBsw6Ruc3dlZGVu,online,['/ip4/188.149.188.137/tcp/44158'],786016.0
111,12842,18.065099510301625,59.33062727034122,2020-11-05T15:07:10.000000Z,0.641021728515625,14Rqw67Er4T4mDitRR5hkvDbefXUhVQGiaVV4yzgSF3sVtu6PfU,1,cool-lilac-corgi,8c088661d4a67ff,785805.0,786043,575553,786049,112kc96yvkrWjym6PpJJqzkansWUhhGmAoE3Pc66sUisDvVrwfiA,Drottninggatan,Stockholms län,SE,Norrmalm,Drottninggatan,Stockholms län,Sweden,Norrmalm,bm9ycm1hbG1zdG9ja2hvbG1zIGzDpG5zd2VkZW4,online,['/ip4/80.216.13.252/tcp/15506'],786036.0
112,13769,20.36663462316322,63.80190714893159,2020-10-30T07:29:20.000000Z,0.5,132rjofoPRZ86KxfvhasuDjNFcej7Lm1oGq8x4oRviJUCkwAuzA,1,mysterious-iron-crab,8c08f62d91b31ff,786011.0,786011,565975,786049,11B3w7ixQEEPdyhuJDLtceEXg4qUzcJCLv5PVzBSQJUkn3Y7hjH,Kompassgatan,Västerbottens län,SE,Umeå SO,Kompassgatan,Västerbottens län,Sweden,Umeå SO,dW1lw6Ugc292w6RzdGVyYm90dGVucyBsw6Ruc3dlZGVu,online,['/ip4/46.236.112.23/tcp/56801'],786010.0
113,13918,20.293265545068234,63.81450108785943,2020-10-29T17:21:22.000000Z,1.0,132rjofoPRZ86KxfvhasuDjNFcej7Lm1oGq8x4oRviJUCkwAuzA,1,wild-paisley-corgi,8c08f62ce99bdff,785912.0,785912,565055,786049,11phhLEBkrehUWTzJ2F9SNVxTaGLvg9fpwKwAsSs6wBEhZrMjZb,Hoppets gränd,Västerbottens län,SE,Ålidhem,Hoppets gränd,Västerbottens län,Sweden,Ålidhem,w6VsaWRoZW12w6RzdGVyYm90dGVucyBsw6Ruc3dlZGVu,online,['/ip4/46.236.112.23/tcp/7643'],786016.0
114,14192,17.644522187303426,59.88191428840656,2020-10-24T09:52:53.000000Z,1.0,14SiXdBfQT15p43yGuHRFwg9ynP3Fx8ELErkbAUH9H326mGtrA4,1,kind-saffron-urchin,8c0880d8aa369ff,786000.0,786000,556668,786049,112HhcdQytMGmT1sXfBYiJkR5JJy9iPDhuCNcsdte8QK4owsbcDr,Dagermansgatan,Uppsala län,SE,Löten,Dagermansgatan,Uppsala län,Sweden,Löten,bMO2dGVudXBwc2FsYSBsw6Ruc3dlZGVu,online,['/p2p/112HmrmJLBK2Djgg4LJg8GAVFgfM8Gy38sDP37jkeadJN1wi5vFz/p2p-circuit/p2p/112HhcdQytMGmT1sXfBYiJkR5JJy9iPDhuCNcsdte8QK4owsbcDr'],786019.0
115,14224,18.035840599177686,59.33354907656746,2020-10-23T11:44:58.000000Z,0.641021728515625,13v9kMn5p1a3Y5vqnPxzqfaiEhhrRBaMLYk7SmiN3pJEx1WmBpT,1,quaint-basil-horse,8c088661cb693ff,785824.0,785824,555213,786049,11NLdK4u57Yrn9u8JDC4kChrFieijFrbF9YEdazvsnNKsXPDrCc,Inedalsgatan,Stockholms län,SE,Kungsholmen,Inedalsgatan,Stockholms län,Sweden,Kungsholmen,a3VuZ3Nob2xtZW5zdG9ja2hvbG1zIGzDpG5zd2VkZW4,online,['/ip4/78.82.220.192/tcp/44158'],786016.0
116,14287,18.06609436390147,59.317417544127856,2020-10-21T18:54:46.000000Z,0.641021728515625,14Rqw67Er4T4mDitRR5hkvDbefXUhVQGiaVV4yzgSF3sVtu6PfU,2,merry-eggplant-worm,8c0886618db1bff,785924.0,785924,552607,786049,11G2s6iHa59Lfr1TSUdvR5ZDKyouWXn3FmWZAquAcPwmPQD33jy,Bellmansgatan,Stockholms län,SE,Södermalm,Bellmansgatan,Stockholms län,Sweden,Södermalm,c8O2ZGVybWFsbXN0b2NraG9sbXMgbMOkbnN3ZWRlbg,online,['/ip4/145.14.104.83/tcp/44158'],786022.0
117,14289,17.987973287226808,59.30735749987992,2020-10-21T18:25:25.000000Z,0.5,14Rqw67Er4T4mDitRR5hkvDbefXUhVQGiaVV4yzgSF3sVtu6PfU,2,blunt-grape-seagull,8c08866150cedff,786027.0,786027,552582,786049,11EAZ1cCzcg2Re5NvitvXqh1Yt2SL7qBwYUQv4v4UEsdvDUZKEf,Ivar Vidfamnes gata,Stockholms län,SE,Hägersten-Liljeholmen,Ivar Vidfamnes gata,Stockholms län,Sweden,Hägersten-Liljeholmen,aMOkZ2Vyc3Rlbi1saWxqZWhvbG1lbnN0b2NraG9sbXMgbMOkbnN3ZWRlbg,online,['/ip4/85.229.136.39/tcp/44158'],785992.0
118,14301,18.111589959746517,59.34588510213912,2020-10-21T05:27:13.000000Z,0.641021728515625,14Rqw67Er4T4mDitRR5hkvDbefXUhVQGiaVV4yzgSF3sVtu6PfU,1,stale-chiffon-caribou,8c08866193535ff,785994.0,785994,551778,786049,11u7CmhyEjGiPaEWwg6v7BFhkA2C5Q7EAcCaK2Qz4RBJdtxbEHi,Öregrundsgatan,Stockholms län,SE,Östermalm,Öregrundsgatan,Stockholms län,Sweden,Östermalm,w7ZzdGVybWFsbXN0b2NraG9sbXMgbMOkbnN3ZWRlbg,online,['/ip4/85.229.16.192/tcp/44159'],786027.0
119,14340,12.97623138495831,55.61332223965413,2020-10-20T17:52:42.000000Z,1.0,14DXurfTM8ZRek6msvJWNGzpzCV836cu31Xw67zf8QJG9UtfQLV,1,docile-ash-monkey,8c1f05ba2c28bff,785922.0,785922,551007,786049,112UegUb83wGaT2mMyBDcSb1G2fzBfC8C4gHXee3jet9oj1iFrtX,Lilla Varvsgatan,Skåne län,SE,Hamnen,Lilla Varvsgatan,Skåne län,Sweden,Hamnen,aGFtbmVuc2vDpW5lIGzDpG5zd2VkZW4,online,['/ip4/78.70.177.207/tcp/14204'],786027.0
120,14427,18.106543634586124,59.34542047719206,2020-10-19T18:45:34.000000Z,0.641021728515625,13W2BQ5FxQEV4C3PR9nYEC6kywKfNYFFVmHo38UgpLxusX9buCd,1,furry-malachite-bird,8c088661932ebff,785939.0,785939,549559,786049,112WRUNwH7TBQvxguSPPqX9Mb2vjgs6ejZqxkr6UmrRSjyVm3zRH,Kampementsgatan,Stockholms län,SE,Östermalm,Kampementsgatan,Stockholms län,Sweden,Östermalm,w7ZzdGVybWFsbXN0b2NraG9sbXMgbMOkbnN3ZWRlbg,online,['/ip4/81.226.100.38/tcp/44158'],786016.0
121,14526,17.990301293685828,59.31502957451354,2020-10-18T10:29:22.000000Z,1.0,14Rqw67Er4T4mDitRR5hkvDbefXUhVQGiaVV4yzgSF3sVtu6PfU,1,soft-syrup-dinosaur,8c0886602cb69ff,785882.0,786001,547910,786049,11aJY8kLK4ndLVzFdifYUuE7m27MqYCv69Fp8G7DqjbX7WAbk8L,Ekensbergsvägen,Stockholms län,SE,Hägersten-Liljeholmen,Ekensbergsvägen,Stockholms län,Sweden,Hägersten-Liljeholmen,aMOkZ2Vyc3Rlbi1saWxqZWhvbG1lbnN0b2NraG9sbXMgbMOkbnN3ZWRlbg,online,['/ip4/37.46.191.28/tcp/48248'],786028.0
122,14704,18.067220329576468,59.31614994095066,2020-10-15T17:04:41.000000Z,0.641021728515625,13W2BQ5FxQEV4C3PR9nYEC6kywKfNYFFVmHo38UgpLxusX9buCd,1,able-slate-dragonfly,8c088661eacb3ff,785818.0,785986,544587,786049,11CG4rXtYzqmt69RNpkhRBWELKvgXQoHQ9aucwT6VqmJfEmiVLs,Maria Prästgårdsgata,Stockholms län,SE,Södermalm,Maria Prästgårdsgata,Stockholms län,Sweden,Södermalm,c8O2ZGVybWFsbXN0b2NraG9sbXMgbMOkbnN3ZWRlbg,online,['/ip4/94.255.219.55/tcp/44158'],786016.0
123,14719,18.02836408892486,59.342113283011344,2020-10-15T05:56:57.000000Z,1.0,14inhtM57SDS6QL6KLPVQYYcUSZGD7xjB7hndQm6aq8Z67i5u3e,2,rough-taffy-mammoth,8c08866033133ff,785914.0,785926,544021,786049,112AHwrpjw7soyDBcEwN51kt7YZ9mNEPgoCAHrFFK6jYDoAYtgMF,Tomtebogatan,Stockholms län,SE,Norrmalm,Tomtebogatan,Stockholms län,Sweden,Norrmalm,bm9ycm1hbG1zdG9ja2hvbG1zIGzDpG5zd2VkZW4,online,['/ip4/83.209.200.206/tcp/44159'],786029.0
124,14744,17.659814498199864,59.87855348744567,2020-10-14T21:07:21.000000Z,1.0,14KbLYpzdnEtzJPGLZLdJVKJcYUts2nJ8VEE85F4jXhUj6Gx9dG,1,sour-orange-anteater,8c0880d8a39c1ff,786040.0,786040,543585,786049,1124BZtA4YPR6WQPszmxVTaaJE8mGZv9QXA1JZfQkJMEsbeX3pMv,Albert Engströmsgatan,Uppsala län,SE,Gränby,Albert Engströmsgatan,Uppsala län,Sweden,Gränby,Z3LDpG5ieXVwcHNhbGEgbMOkbnN3ZWRlbg,online,['/ip4/81.232.53.78/tcp/52091'],786016.0
125,14748,18.08895703328189,59.313324619979,2020-10-14T20:45:11.000000Z,0.641021728515625,14n2xVYjsQTLY6N5ANnzLPoALm7H49myx1Vhz2DohivT64Nz7qd,1,scruffy-seafoam-worm,8c088661a871dff,785919.0,785919,543566,786049,11ba9oogMkHXGecmDSwHDSCodBFuXHwAVLq5GN9WrbPGZfx8Zoh,Folkungagatan,Stockholms län,SE,Södermalm,Folkungagatan,Stockholms län,Sweden,Södermalm,c8O2ZGVybWFsbXN0b2NraG9sbXMgbMOkbnN3ZWRlbg,online,['/ip4/213.163.139.179/tcp/14583'],786010.0
126,14789,18.03705548180733,59.34185971829669,2020-10-14T10:58:36.000000Z,0.5,14inhtM57SDS6QL6KLPVQYYcUSZGD7xjB7hndQm6aq8Z67i5u3e,2,odd-teal-parrot,8c088660328d7ff,785827.0,785884,543065,786049,112ZKkBJbQGj3jzbuvmypiVzngcmZWCaQbnXWytFnYV6CG3UNLZa,Torsgatan,Stockholms län,SE,Norrmalm,Torsgatan,Stockholms län,Sweden,Norrmalm,bm9ycm1hbG1zdG9ja2hvbG1zIGzDpG5zd2VkZW4,online,['/ip4/89.253.75.185/tcp/44159'],786021.0
127,14910,13.005739995836036,55.592555790742274,2020-10-12T14:45:09.000000Z,1.0,132Cxq3DeiaG7L9HpFqw3rmAg57V282qsibidHpHzyCyJX7w2d9,2,skinny-strawberry-weasel,8c1f05b8409c7ff,785973.0,786029,540830,786049,11295SzApYcM5XbKw4ZDyHG2FK7jEPFvZnqotn2rXqX8AwZ9Vcju,Södra Förstadsgatan,Skåne län,SE,Rådmansvången,Södra Förstadsgatan,Skåne län,Sweden,Rådmansvången,csOlZG1hbnN2w6VuZ2Vuc2vDpW5lIGzDpG5zd2VkZW4,online,['/p2p/112hxr5bwLKjL4pnh6yCNTznyr1dBfQeRqL9a7443j4MLCDuHqVc/p2p-circuit/p2p/11295SzApYcM5XbKw4ZDyHG2FK7jEPFvZnqotn2rXqX8AwZ9Vcju'],786016.0
128,15027,13.009768417953948,55.606854985089186,2020-10-10T11:50:56.000000Z,1.0,132xFucrG2mjiJAwYmvgoXRh4nMGt8oYh2X8sYLcUPfsCniBHs2,1,energetic-peach-mandrill,8c1f05ba359c7ff,785821.0,785821,538232,786049,11hfH5AQCf35eRb8xjhz3AiLM6WcYtHq92hD32gQNztsa927Bj9,Norregatan,Skåne län,SE,Malmö,Norregatan,Skåne län,Sweden,Malmö,bWFsbcO2c2vDpW5lIGzDpG5zd2VkZW4,online,['/ip4/84.217.33.59/tcp/3966'],786025.0
129,15033,18.127138192560412,59.31632843126583,2020-10-10T09:57:29.000000Z,0.641021728515625,14YXyXiPFCgfbv3eRAoD4rowuNzJsFUp49JiEutR3e32kVDDW9D,1,curved-coffee-aardvark,8c088661b486dff,785766.0,785816,538136,786049,11DGj3JFW7xiB8skRSfqESibFtGAgd2hRYj5nAPMaGVW5spPHT2,Finnboda Kajväg,Stockholms län,SE,Nacka,Finnboda Kajväg,Stockholms län,Sweden,Nacka,bmFja2FzdG9ja2hvbG1zIGzDpG5zd2VkZW4,online,['/ip4/83.255.62.26/tcp/44158'],785979.0
130,15068,17.679264207483996,59.878242970760354,2020-10-09T15:49:02.000000Z,1.0,14SiXdBfQT15p43yGuHRFwg9ynP3Fx8ELErkbAUH9H326mGtrA4,2,loud-blood-parakeet,8c0880ca48abbff,785972.0,785972,537189,786049,11CUkSgm1PK7bEYNQt9F4N9eo16b3jkSPWhAf1eeAvAU66X1utn,Storkällsvägen,Uppsala län,SE,Uppsala,Storkällsvägen,Uppsala län,Sweden,Uppsala,dXBwc2FsYXVwcHNhbGEgbMOkbnN3ZWRlbg,online,['/ip4/81.227.63.207/tcp/10202'],786025.0
131,15081,18.213789631687018,59.352980532724885,2020-10-09T12:49:12.000000Z,1.0,141CNsWqw7uaC4NU7ZR6GxYXbwptY5hXBJouNj3wFuVsQ9zMZK4,1,odd-cider-seal,8c08866e3795bff,785810.0,785810,537008,786049,11bfeQ2mhNuosidBCDL2vCDKEuYhxbX3ncqx7M25vJrSx7spC3N,Kolmårdsvägen,Stockholms län,SE,Brevik,Kolmårdsvägen,Stockholms län,Sweden,Brevik,YnJldmlrc3RvY2tob2xtcyBsw6Ruc3dlZGVu,online,['/ip4/85.229.182.70/tcp/29449'],786026.0
132,15129,18.081052842410944,59.297153402659795,2020-10-08T15:04:59.000000Z,1.0,14Rqw67Er4T4mDitRR5hkvDbefXUhVQGiaVV4yzgSF3sVtu6PfU,1,sharp-leather-llama,8c08866ad149bff,785941.0,786007,535683,786049,115c6oTaMyDbMf5dQS2odSgJUHVe2EUZpfs4wAyurM1rpJWFnZM,Arenavägen,Stockholms län,SE,Enskede-Årsta-Vantör,Arenavägen,Stockholms län,Sweden,Enskede-Årsta-Vantör,ZW5za2VkZS3DpXJzdGEtdmFudMO2cnN0b2NraG9sbXMgbMOkbnN3ZWRlbg,online,['/p2p/112u3G8aeqRkHVMN3qNmjthzyb6NE9aLv9mGivB5vJEfoRn8Cd1V/p2p-circuit/p2p/115c6oTaMyDbMf5dQS2odSgJUHVe2EUZpfs4wAyurM1rpJWFnZM'],786022.0
133,15131,18.05850595798466,59.312795970471356,2020-10-08T14:57:30.000000Z,0.641021728515625,14Rqw67Er4T4mDitRR5hkvDbefXUhVQGiaVV4yzgSF3sVtu6PfU,1,hot-sky-gorilla,8c088661eb9b9ff,785860.0,785860,535676,786049,11mYfNFd8qaSqHWsjhPpJmXpDH597eBWZ9YF2FTAuidYenTFpB2,Fatburs Kvarngata,Stockholms län,SE,Södermalm,Fatburs Kvarngata,Stockholms län,Sweden,Södermalm,c8O2ZGVybWFsbXN0b2NraG9sbXMgbMOkbnN3ZWRlbg,online,['/ip4/84.217.87.87/tcp/54446'],786022.0
134,15141,18.06981241377229,59.33549597435178,2020-10-08T13:05:15.000000Z,0.641021728515625,13W2BQ5FxQEV4C3PR9nYEC6kywKfNYFFVmHo38UgpLxusX9buCd,2,happy-bubblegum-meerkat,8c088661d7a49ff,786023.0,786023,535560,786049,11K9AwLkj4BPRFNvvPUThVSbG7eUoBmdnddNY6H9uDaeZSAGLfj,Lästmakargatan,Stockholms län,SE,Norrmalm,Lästmakargatan,Stockholms län,Sweden,Norrmalm,bm9ycm1hbG1zdG9ja2hvbG1zIGzDpG5zd2VkZW4,online,['/p2p/1125VAaGdUgj3TZKSsfiVXnRGPrGfechw9A4gAjgRSE1wkMWPAue/p2p-circuit/p2p/11K9AwLkj4BPRFNvvPUThVSbG7eUoBmdnddNY6H9uDaeZSAGLfj'],785997.0
135,15144,17.64052544821732,59.886832256932784,2020-10-08T12:34:44.000000Z,0.5,14SiXdBfQT15p43yGuHRFwg9ynP3Fx8ELErkbAUH9H326mGtrA4,2,attractive-plum-turkey,8c0880d88786bff,785806.0,785806,535528,786049,112AKGW4qMeVcwBk2KpXCYo4StPPa7o6gp5iPN6Pu4Nv5HwKAxxh,Orvars väg,Uppsala län,SE,Gamla Uppsala,Orvars väg,Uppsala län,Sweden,Gamla Uppsala,Z2FtbGEgdXBwc2FsYXVwcHNhbGEgbMOkbnN3ZWRlbg,online,['/p2p/11qQmKpr3MQu7sWjaNSX6MFARuQe7dr8FTbEEQQVKivWYLQCCP/p2p-circuit/p2p/112AKGW4qMeVcwBk2KpXCYo4StPPa7o6gp5iPN6Pu4Nv5HwKAxxh'],786027.0
136,15146,17.650839575964675,59.89047856385422,2020-10-08T11:50:59.000000Z,0.5,14SiXdBfQT15p43yGuHRFwg9ynP3Fx8ELErkbAUH9H326mGtrA4,3,orbiting-tin-worm,8c0880d886cdbff,786013.0,786013,535482,786049,11jFb17vD4uTtnufdirPgrDrTj12AqhxpafTNekFoVt5SnSD3pE,Leopoldsgatan,Uppsala län,SE,Nyby,Leopoldsgatan,Uppsala län,Sweden,Nyby,bnlieXVwcHNhbGEgbMOkbnN3ZWRlbg,online,"['/ip4/2.65.20.174/tcp/44158', '/p2p/112LGwR6gVv99eaLKyVo1BdCRF8h5Uqh3MLhuia28pa5WLiDTLU8/p2p-circuit/p2p/11jFb17vD4uTtnufdirPgrDrTj12AqhxpafTNekFoVt5SnSD3pE']",786022.0
137,15153,12.994014372687063,55.61149156004324,2020-10-08T10:21:02.000000Z,1.0,14XDDqmtD8RCMEL4oxfrrfrg6qbno6TB9CMf5uHAuNtFZRy6H8i,1,suave-raisin-snake,8c1f05ba20419ff,,686030,535394,786049,11xPjD5mMokZvd5vspzv2un32wYURmALRz3zmUWL71S3y6ATCYN,Beijerskajen,Skåne län,SE,Hamnen,Beijerskajen,Skåne län,Sweden,Hamnen,aGFtbmVuc2vDpW5lIGzDpG5zd2VkZW4,offline,,
138,15154,18.000619214905267,59.333747910703494,2020-10-08T10:18:11.000000Z,0.5,14Rqw67Er4T4mDitRR5hkvDbefXUhVQGiaVV4yzgSF3sVtu6PfU,1,silly-denim-barbel,8c0886600699bff,785847.0,785847,535391,786049,115yY9ZfYrR2Rk8eH4P94xnFYgJxyma8wM47MpmqhBLdXXPeUCY,Ola Hanssonsgatan,Stockholms län,SE,Kungsholmen,Ola Hanssonsgatan,Stockholms län,Sweden,Kungsholmen,a3VuZ3Nob2xtZW5zdG9ja2hvbG1zIGzDpG5zd2VkZW4,online,['/p2p/112gdDgQn4ExkbuaPTyi5t1W6irEmtZ4vxxJ26KW8oTTBDdXGbNx/p2p-circuit/p2p/115yY9ZfYrR2Rk8eH4P94xnFYgJxyma8wM47MpmqhBLdXXPeUCY'],786016.0
139,15156,17.998129666765738,59.336186520015104,2020-10-08T10:14:23.000000Z,0.5,14Rqw67Er4T4mDitRR5hkvDbefXUhVQGiaVV4yzgSF3sVtu6PfU,1,proud-chrome-albatross,8c08866006e4bff,785932.0,785932,535387,786049,11p2tMUW6k5j4ZS1N7JDe27WYV7tcKieuyxiBLC3gVyugij7DFg,Lidnersplan,Stockholms län,SE,Kungsholmen,Lidnersplan,Stockholms län,Sweden,Kungsholmen,a3VuZ3Nob2xtZW5zdG9ja2hvbG1zIGzDpG5zd2VkZW4,online,['/ip4/80.217.152.114/tcp/31068'],786029.0
140,15159,18.010145772938394,59.362145570756795,2020-10-08T10:01:03.000000Z,1.0,14Rqw67Er4T4mDitRR5hkvDbefXUhVQGiaVV4yzgSF3sVtu6PfU,1,faint-sapphire-buffalo,8c088660cca67ff,786034.0,786034,535373,786049,112jvCzQSsVAUs3BFsRsqbZMYu7oQ1xPW4e7NRyJCLRYx7JXhWY,Hagalundsgatan,Stockholms län,SE,Hagalund,Hagalundsgatan,Stockholms län,Sweden,Hagalund,aGFnYWx1bmRzdG9ja2hvbG1zIGzDpG5zd2VkZW4,online,['/ip4/31.211.221.57/tcp/24028'],786016.0
141,15161,18.040827440229503,59.32742277039679,2020-10-08T09:56:17.000000Z,0.641021728515625,14Rqw67Er4T4mDitRR5hkvDbefXUhVQGiaVV4yzgSF3sVtu6PfU,1,curly-taupe-okapi,8c088661cab33ff,785893.0,786048,535368,786049,11ZUEbuTNj8xhGvus3TFpAHQywvJGqBfNjj93P2R34RsN1NBZJh,Kungsholmstorg,Stockholms län,SE,Kungsholmen,Kungsholmstorg,Stockholms län,Sweden,Kungsholmen,a3VuZ3Nob2xtZW5zdG9ja2hvbG1zIGzDpG5zd2VkZW4,online,['/ip4/82.183.24.104/tcp/47604'],786032.0
142,15216,18.07019089064877,59.3187543848989,2020-10-07T13:32:51.000000Z,0.641021728515625,13W2BQ5FxQEV4C3PR9nYEC6kywKfNYFFVmHo38UgpLxusX9buCd,2,handsome-blonde-guppy,8c0886618c16bff,786034.0,786034,534105,786049,11eht5bz29Aq3Pnn6ED2EQSRRGfCwpQyoAmKsgGWySG5ueJ9QMg,S:t Paulsgatan,Stockholms län,SE,Södermalm,Sankt Paulsgatan,Stockholms län,Sweden,Södermalm,c8O2ZGVybWFsbXN0b2NraG9sbXMgbMOkbnN3ZWRlbg,online,['/ip4/192.176.228.116/tcp/34635'],786016.0
143,15326,11.947086375016482,57.695675370249575,2020-10-06T03:59:31.000000Z,1.0,13hZcW2J69JUK6vodvzR7PhA5BKNAgEUsi466WBbTw2EhAqVxej,2,best-violet-camel,8c1f2506ca8e9ff,,776606,531997,786049,11sMvHKA1vfpC2knWqP126SkTJ3afLrJc2hq5ucZYkfA21ReuQt,Nordostpassagen,Västra Götalands län,SE,Göteborg,Nordostpassagen,Västra Götalands län,Sweden,Göteborg,Z8O2dGVib3JndsOkc3RyYSBnw7Z0YWxhbmRzIGzDpG5zd2VkZW4,offline,,534773.0
144,15425,17.998915520032273,59.31615787277839,2020-10-04T20:15:06.000000Z,1.0,14Rqw67Er4T4mDitRR5hkvDbefXUhVQGiaVV4yzgSF3sVtu6PfU,2,flat-shadow-terrier,8c08866025039ff,785875.0,785981,530014,786049,112BY42Xy78mG2yX2uSLTM3RKVtGF3w7Lz7J272AKctkSqLaKuT3,Bryggvägen,Stockholms län,SE,Hägersten-Liljeholmen,Bryggvägen,Stockholms län,Sweden,Hägersten-Liljeholmen,aMOkZ2Vyc3Rlbi1saWxqZWhvbG1lbnN0b2NraG9sbXMgbMOkbnN3ZWRlbg,online,['/ip4/83.250.101.239/tcp/56120'],786021.0
145,15427,18.093647173601077,59.342737880957095,2020-10-04T20:09:26.000000Z,0.641021728515625,14Rqw67Er4T4mDitRR5hkvDbefXUhVQGiaVV4yzgSF3sVtu6PfU,2,gorgeous-neon-cat,8c08866198ccdff,780386.0,785707,530008,786049,117dAW6r1qUScJomGgg8RYzRoH1vcR66Py5qvNDBkC3ouSJT6G6,Hedinsgatan,Stockholms län,SE,Östermalm,Hedinsgatan,Stockholms län,Sweden,Östermalm,w7ZzdGVybWFsbXN0b2NraG9sbXMgbMOkbnN3ZWRlbg,offline,,780512.0
146,15441,18.08548171307734,59.314898106594505,2020-10-04T14:19:42.000000Z,0.641021728515625,14Rqw67Er4T4mDitRR5hkvDbefXUhVQGiaVV4yzgSF3sVtu6PfU,1,zesty-steel-beaver,8c08866184b61ff,786038.0,786038,529640,786049,112pHdduqUEgYyJcYC5Eo4p3hWHKWFKwNkpA5A1SsATo41Gd56eY,Borgmästargatan,Stockholms län,SE,Södermalm,Borgmästargatan,Stockholms län,Sweden,Södermalm,c8O2ZGVybWFsbXN0b2NraG9sbXMgbMOkbnN3ZWRlbg,online,['/ip4/77.53.218.55/tcp/44158'],785999.0
147,15484,18.039848959331557,59.338135769384095,2020-10-03T13:25:06.000000Z,1.0,14Rqw67Er4T4mDitRR5hkvDbefXUhVQGiaVV4yzgSF3sVtu6PfU,2,ancient-carob-kookaburra,8c088660365edff,785842.0,785842,528091,786049,112YSkmWMk42TYnwGqpRudJNj6w8tbZdfgjchgAgjGz9nrZGVhCE,Atlasgatan,Stockholms län,SE,Norrmalm,Atlasgatan,Stockholms län,Sweden,Norrmalm,bm9ycm1hbG1zdG9ja2hvbG1zIGzDpG5zd2VkZW4,online,['/ip4/94.137.102.79/tcp/27610'],786008.0
148,15485,18.07484872052301,59.323132849392636,2020-10-03T13:20:26.000000Z,0.641021728515625,14Rqw67Er4T4mDitRR5hkvDbefXUhVQGiaVV4yzgSF3sVtu6PfU,1,exotic-lime-gibbon,8c0886618c499ff,781696.0,785707,528086,786049,112K11ZDgWnareSDKUxFCA69cfyYvXqSMjnuqdSvdfZu889D52Te,Skeppsbron,Stockholms län,SE,Södermalm,Skeppsbron,Stockholms län,Sweden,Södermalm,c8O2ZGVybWFsbXN0b2NraG9sbXMgbMOkbnN3ZWRlbg,offline,[],781971.0
149,15487,18.07400301776248,59.312153589455576,2020-10-03T12:57:52.000000Z,0.3205108642578125,14Rqw67Er4T4mDitRR5hkvDbefXUhVQGiaVV4yzgSF3sVtu6PfU,1,dandy-maroon-moose,8c088661e2121ff,785881.0,786022,528062,786049,11XP5mZBcXbgofrGzVXx7JwAfK1wh3XoJudQVW82FSSxmuzXf4j,Götgatan,Stockholms län,SE,Södermalm,Götgatan,Stockholms län,Sweden,Södermalm,c8O2ZGVybWFsbXN0b2NraG9sbXMgbMOkbnN3ZWRlbg,online,['/p2p/11UvzShkDxddnBdcPx7RGJciP7bgf2Lbh2M88151zYRoBriqbW8/p2p-circuit/p2p/11XP5mZBcXbgofrGzVXx7JwAfK1wh3XoJudQVW82FSSxmuzXf4j'],786035.0
150,15488,18.036707397815174,59.341406716734866,2020-10-03T12:48:30.000000Z,0.5,14Rqw67Er4T4mDitRR5hkvDbefXUhVQGiaVV4yzgSF3sVtu6PfU,1,short-opaque-skunk,8c088660328ebff,785787.0,785787,528052,786049,112hUHXPUZ4wLWdzQm4LVPpYRtNu5wCofJ7p7SNVqoyEhAYrD1ea,Tomtebogatan,Stockholms län,SE,Norrmalm,Tomtebogatan,Stockholms län,Sweden,Norrmalm,bm9ycm1hbG1zdG9ja2hvbG1zIGzDpG5zd2VkZW4,online,['/ip4/85.230.190.200/tcp/43015'],786022.0
151,15496,22.10606185245553,65.56889192622461,2020-10-03T10:03:30.000000Z,1.0,14Tf7kzR3HeSNFQ71tWynVEJ8br2kZMc1YgkhiDfXfNLP2Ccrfi,2,howling-khaki-pony,8c08c68318ebdff,786011.0,786011,527879,786049,11SniRvgBio2ZZae4xFSVSHHKQ1YU6fKUwGMXByho5VVHP54wUU,Höträskvägen,Norrbottens län,SE,Bergnäset,Höträskvägen,Norrbottens län,Sweden,Bergnäset,YmVyZ27DpHNldG5vcnJib3R0ZW5zIGzDpG5zd2VkZW4,online,['/ip4/79.136.17.90/tcp/34087'],786016.0
152,15506,17.66496576354875,59.8539346785317,2020-10-02T23:43:17.000000Z,1.0,13hZcW2J69JUK6vodvzR7PhA5BKNAgEUsi466WBbTw2EhAqVxej,1,round-snowy-unicorn,8c0880d9826bdff,785931.0,785998,527224,786049,1128Y7sYqHKspMgVLniouSTixWdMeaXb144Ca9TzadiFFwM6fksM,Björkgatan,Uppsala län,SE,Boländerna,Björkgatan,Uppsala län,Sweden,Boländerna,Ym9sw6RuZGVybmF1cHBzYWxhIGzDpG5zd2VkZW4,online,['/p2p/1126jyUSBJkbkz3KyD9VSxB1We18eQb3zjCVEz66Uc8NxpSA1cj8/p2p-circuit/p2p/1128Y7sYqHKspMgVLniouSTixWdMeaXb144Ca9TzadiFFwM6fksM'],786016.0
153,15514,13.015638594244528,55.56551485591632,2020-10-02T20:40:58.000000Z,1.0,13Z9tv6rSc8m7vgi1ozypDL9EMQT8DBuxLwSTDsgjBzZwVwNca5,1,active-chrome-tortoise,8c1f05b821483ff,785897.0,785897,527036,786049,11kDpyzjYSEjkcLsrJ2hP7ZGTfDFQcSteyWTWdhPw5ir3h4M1j5,Docentgatan,Skåne län,SE,Fosie,Docentgatan,Skåne län,Sweden,Fosie,Zm9zaWVza8OlbmUgbMOkbnN3ZWRlbg,online,['/ip4/213.89.112.222/tcp/53111'],786022.0
154,15521,18.036764059452207,59.347998463089546,2020-10-02T19:00:27.000000Z,1.0,141CNsWqw7uaC4NU7ZR6GxYXbwptY5hXBJouNj3wFuVsQ9zMZK4,1,best-coffee-hedgehog,8c088660e5215ff,785995.0,786037,526929,786049,11WNwECGHQTfTNsJNmg79tLthBGbnj8FkJihcBfBsnYUZWJpkKT,Hälsingegatan,Stockholms län,SE,Norrmalm,Hälsingegatan,Stockholms län,Sweden,Norrmalm,bm9ycm1hbG1zdG9ja2hvbG1zIGzDpG5zd2VkZW4,online,['/ip4/85.230.97.220/tcp/27170'],786009.0
155,15544,20.36721936670477,63.80186649295553,2020-10-02T10:54:34.000000Z,0.5,132rjofoPRZ86KxfvhasuDjNFcej7Lm1oGq8x4oRviJUCkwAuzA,3,refined-smoke-bobcat,8c08f62d9195dff,785858.0,785858,526413,786049,112G7JgWSG4Ch8tsCBrUtfc8vmPY1UWmAig3ahrHEE1FBGSAV2bE,Kompassgatan,Västerbottens län,SE,Umeå SO,Kompassgatan,Västerbottens län,Sweden,Umeå SO,dW1lw6Ugc292w6RzdGVyYm90dGVucyBsw6Ruc3dlZGVu,online,['/ip4/46.236.112.23/tcp/47153'],786013.0
156,15545,18.045933596015626,59.301468098719276,2020-10-02T10:52:41.000000Z,0.641021728515625,14Rqw67Er4T4mDitRR5hkvDbefXUhVQGiaVV4yzgSF3sVtu6PfU,1,faithful-cornflower-millipede,8c088661edb1dff,785905.0,785905,526411,786049,112AU6cecHxwFZQfELzwGPjrCpvnsJ9JAohvAdukTebznmNiq56Y,Ottsjövägen,Stockholms län,SE,Enskede-Årsta-Vantör,Ottsjövägen,Stockholms län,Sweden,Enskede-Årsta-Vantör,ZW5za2VkZS3DpXJzdGEtdmFudMO2cnN0b2NraG9sbXMgbMOkbnN3ZWRlbg,online,['/ip4/31.211.206.28/tcp/54520'],786007.0
157,15546,17.961962948436266,59.37010073189236,2020-10-02T10:44:13.000000Z,1.0,144PCC1HzNhW7D7HF2G3jemkBeDftb4Zh9CvGicPkyesYXy5iu4,1,cheesy-plastic-aphid,8c088662a90e7ff,786027.0,786027,526402,786049,11E3FGoaRXegiWYLCBg1rCVsitmF9svznEfGfZC4tRdnE5behBu,Tulegatan,Stockholms län,SE,Storskogen,Tulegatan,Stockholms län,Sweden,Storskogen,c3RvcnNrb2dlbnN0b2NraG9sbXMgbMOkbnN3ZWRlbg,online,['/ip4/85.224.48.148/tcp/44158'],786025.0
158,15547,18.036734446156846,59.319358128766076,2020-10-02T10:42:21.000000Z,0.3205108642578125,14Rqw67Er4T4mDitRR5hkvDbefXUhVQGiaVV4yzgSF3sVtu6PfU,1,ripe-opaque-manatee,8c088661cccedff,785988.0,785988,526400,786049,1126a3nn3Hcx9tjY5a44foQZ7YPDAQEb8wjQzAgkDLDsBbQYV4iQ,Heleneborgsgatan,Stockholms län,SE,Södermalm,Heleneborgsgatan,Stockholms län,Sweden,Södermalm,c8O2ZGVybWFsbXN0b2NraG9sbXMgbMOkbnN3ZWRlbg,online,['/ip4/100.66.183.232/tcp/44158'],786031.0
159,15548,18.09012557886758,59.34257271627215,2020-10-02T10:32:05.000000Z,0.641021728515625,14Rqw67Er4T4mDitRR5hkvDbefXUhVQGiaVV4yzgSF3sVtu6PfU,1,small-leather-nuthatch,8c08866198e4bff,785832.0,786033,526389,786049,112ZdtYTRoSQrXm3XthtUqQMP7BfmMzpMncKdUZxGxkPLJYCWrfg,Skeppargatan,Stockholms län,SE,Östermalm,Skeppargatan,Stockholms län,Sweden,Östermalm,w7ZzdGVybWFsbXN0b2NraG9sbXMgbMOkbnN3ZWRlbg,online,['/p2p/112n6mw9qyFdD2yLhJJA6ESX85aHP6gnwjHCfSagLCa6yRCBHYJ5/p2p-circuit/p2p/112ZdtYTRoSQrXm3XthtUqQMP7BfmMzpMncKdUZxGxkPLJYCWrfg'],786035.0
160,15549,18.0816833096423,59.3410538806166,2020-10-02T10:27:25.000000Z,0.641021728515625,14Rqw67Er4T4mDitRR5hkvDbefXUhVQGiaVV4yzgSF3sVtu6PfU,1,plain-fuchsia-alligator,8c08866199109ff,785859.0,785859,526384,786049,11YHVfyR2ssJF5VAQzTZtMfXWHSGdk29P7HN267NP3Tno24ESt5,Östermalmsgatan,Stockholms län,SE,Östermalm,Östermalmsgatan,Stockholms län,Sweden,Östermalm,w7ZzdGVybWFsbXN0b2NraG9sbXMgbMOkbnN3ZWRlbg,online,['/p2p/112XYnhsT2Xhy3QKhwsna53MWyoWXxgk5rUsNueWw35WmyFADqMt/p2p-circuit/p2p/11YHVfyR2ssJF5VAQzTZtMfXWHSGdk29P7HN267NP3Tno24ESt5'],786027.0
161,15551,12.999216282930265,55.5985434594735,2020-10-02T09:37:16.000000Z,1.0,14DXurfTM8ZRek6msvJWNGzpzCV836cu31Xw67zf8QJG9UtfQLV,1,loud-crepe-dalmatian,8c1f05b84c605ff,785915.0,785915,526331,786049,11ENRzYQQhhHZ4SayScKpejCKzmEsePXdr8GtH1bMQfZwbQvEWo,Jörgen Ankersgatan,Skåne län,SE,Malmö,Jörgen Ankersgatan,Skåne län,Sweden,Malmö,bWFsbcO2c2vDpW5lIGzDpG5zd2VkZW4,online,['/ip4/78.70.183.163/tcp/27810'],786022.0
162,15554,18.03599496176945,59.329543635421,2020-10-02T08:09:12.000000Z,0.641021728515625,13TAPEoQkexPAed2wzi2gKzgCG98L4nxDsoNhpH66CKifqqHFQP,5,high-carbon-lynx,8c088661ca34bff,784032.0,785707,526246,786049,11NborqRposon6SPcXzz3dRcUed3EYJCnEdjmACmUQzRb7xAWoR,Polhemsgatan,Stockholms län,SE,Kungsholmen,Polhemsgatan,Stockholms län,Sweden,Kungsholmen,a3VuZ3Nob2xtZW5zdG9ja2hvbG1zIGzDpG5zd2VkZW4,offline,,784127.0
163,15557,18.01366157336075,59.375130881965816,2020-10-02T07:06:56.000000Z,1.0,14Rqw67Er4T4mDitRR5hkvDbefXUhVQGiaVV4yzgSF3sVtu6PfU,2,special-sangria-scallop,8c088660cb1c3ff,785808.0,785808,526180,786049,11tkCkFNuxvLCoSPd6e8ogiydyYtB9W77Tc7VV2Ns4L8c4goN4U,Gustav III:s Boulevard,Stockholms län,SE,Järva,Gustav III:s Boulevard,Stockholms län,Sweden,Järva,asOkcnZhc3RvY2tob2xtcyBsw6Ruc3dlZGVu,online,['/ip4/178.132.72.109/tcp/6600'],786017.0
164,15558,18.112325274926363,59.311778229149674,2020-10-02T06:20:03.000000Z,0.3205108642578125,14Rqw67Er4T4mDitRR5hkvDbefXUhVQGiaVV4yzgSF3sVtu6PfU,1,perfect-infrared-python,8c088661a3989ff,785977.0,786046,526131,786049,11Z59mkCnWfsyBogBv3zF2rEKNhP4bQd2xiNQSxw1TdkgoXtG8T,Henriksdalsringen,Stockholms län,SE,Nacka,Henriksdalsringen,Stockholms län,Sweden,Nacka,bmFja2FzdG9ja2hvbG1zIGzDpG5zd2VkZW4,online,['/ip4/213.114.248.171/tcp/44158'],785999.0
165,15566,18.07908444353679,59.314982178254496,2020-10-01T21:44:44.000000Z,0.641021728515625,14Rqw67Er4T4mDitRR5hkvDbefXUhVQGiaVV4yzgSF3sVtu6PfU,1,short-mulberry-mallard,8c08866185b4dff,779145.0,785300,525586,786049,112b1zjrd1U8d9VZJVkvjrmsUytihZmvftbVpF5R8SSffA4vY1zQ,Folkungagatan,Stockholms län,SE,Södermalm,Folkungagatan,Stockholms län,Sweden,Södermalm,c8O2ZGVybWFsbXN0b2NraG9sbXMgbMOkbnN3ZWRlbg,online,['/p2p/11ppQnuHyuzXqJ2nWYMnNAk9oxVwjiF3GACnEtnmzrjfyBJEzK1/p2p-circuit/p2p/112b1zjrd1U8d9VZJVkvjrmsUytihZmvftbVpF5R8SSffA4vY1zQ'],782750.0
166,15572,18.052766379634456,59.318150979074105,2020-10-01T18:47:42.000000Z,0.641021728515625,14Rqw67Er4T4mDitRR5hkvDbefXUhVQGiaVV4yzgSF3sVtu6PfU,1,eager-spruce-fish,8c088661c796dff,785945.0,785945,525397,786049,112FW1t5xgnGUNZiR2ugvRWbaWgCKfgAVdguNvYGe12amubPX93Q,Brännkyrkagatan,Stockholms län,SE,Södermalm,Brännkyrkagatan,Stockholms län,Sweden,Södermalm,c8O2ZGVybWFsbXN0b2NraG9sbXMgbMOkbnN3ZWRlbg,online,['/ip4/188.150.81.108/tcp/44940'],786016.0
167,15573,18.029490694805066,59.31581207768785,2020-10-01T18:33:42.000000Z,1.0,14Rqw67Er4T4mDitRR5hkvDbefXUhVQGiaVV4yzgSF3sVtu6PfU,1,deep-orchid-loris,8c088661136d7ff,785873.0,785873,525382,786049,112VsGkL4RaHn5cN7wwctxpJZsGAnBaxgxbncRqFuiKvwFyfJDys,Bergsundsgatan,Stockholms län,SE,Södermalm,Bergsundsgatan,Stockholms län,Sweden,Södermalm,c8O2ZGVybWFsbXN0b2NraG9sbXMgbMOkbnN3ZWRlbg,online,['/ip4/188.151.184.92/tcp/18482'],786009.0
168,15576,18.07454279788243,59.317690634870175,2020-10-01T18:05:55.000000Z,0.641021728515625,14Rqw67Er4T4mDitRR5hkvDbefXUhVQGiaVV4yzgSF3sVtu6PfU,1,sleepy-mahogany-alligator,8c0886618c9ddff,785934.0,785934,525357,786049,11MvnyEAQ9rApwQVrJX4nEW8WHZ4CmjFcdZeoqQicyDvHHz96gp,Svartensgatan,Stockholms län,SE,Södermalm,Svartensgatan,Stockholms län,Sweden,Södermalm,c8O2ZGVybWFsbXN0b2NraG9sbXMgbMOkbnN3ZWRlbg,online,['/ip4/81.228.198.231/tcp/26014'],786027.0
169,15580,18.073241454215413,59.31200333949704,2020-10-01T17:27:33.000000Z,0.3205108642578125,14Rqw67Er4T4mDitRR5hkvDbefXUhVQGiaVV4yzgSF3sVtu6PfU,1,large-fuzzy-porcupine,8c088661e2165ff,786049.0,786049,525316,786049,116ThE1uzSfDjyB7wvUdpSWKitHm1hL4PAYHESyc1EX35FsV9CY,Vartoftagatan,Stockholms län,SE,Södermalm,Vartoftagatan,Stockholms län,Sweden,Södermalm,c8O2ZGVybWFsbXN0b2NraG9sbXMgbMOkbnN3ZWRlbg,online,['/ip4/100.124.96.196/tcp/44158'],786007.0
170,15588,15.57772857740253,58.3981080567099,2020-10-01T15:07:45.000000Z,1.0,14kPdmw7AgFWTkTgCnqTair7bNKdVf7o2g2oZ9DoqxCfqHmDvf5,1,short-champagne-snail,8c08b3d1d10abff,786023.0,786023,525173,786049,112cbNDx7fGEUdZfKJaAz7YkSFA6CpKp82uULskTnDJZNZw6vdbP,,Östergötlands län,SE,Linköping,,Östergötlands län,Sweden,Linköping,bGlua8O2cGluZ8O2c3RlcmfDtnRsYW5kcyBsw6Ruc3dlZGVu,online,['/p2p/118z2pi7ZaB4ALb8tV52mDmzAqEYyhYciDg7596mqmwXtTVaH4B/p2p-circuit/p2p/112cbNDx7fGEUdZfKJaAz7YkSFA6CpKp82uULskTnDJZNZw6vdbP'],785990.0
171,15628,11.983425746464176,57.69792017654407,2020-10-01T02:27:28.000000Z,1.0,13hZcW2J69JUK6vodvzR7PhA5BKNAgEUsi466WBbTw2EhAqVxej,2,hot-peach-anteater,8c1f2506da919ff,785926.0,785954,524377,786049,112p4La8K1dw8kSDg53ETjLQpfYv7tgMxb8vTFdWGYyfsdjMvet5,Södra Vägen,Västra Götalands län,SE,Heden,Södra Vägen,Västra Götalands län,Sweden,Heden,aGVkZW52w6RzdHJhIGfDtnRhbGFuZHMgbMOkbnN3ZWRlbg,online,['/ip4/188.149.54.84/tcp/34635'],785993.0
172,15643,17.985741143359387,59.365295131036994,2020-09-30T20:40:35.000000Z,1.0,13dHSjJ1judroDkgD158RmRki6U5Ypqpq8ZSmyk56AW5HiYRDWJ,1,shallow-mossy-lizard,8c088662a09adff,785926.0,785926,524012,786049,11ryvhPUGqKzuWceB9J45msv3686L8HFz7V76Um7NPXxFePDgXx,Bergstigen,Stockholms län,SE,Råsunda,Bergstigen,Stockholms län,Sweden,Råsunda,csOlc3VuZGFzdG9ja2hvbG1zIGzDpG5zd2VkZW4,online,['/ip4/31.208.127.200/tcp/44158'],786016.0
173,15676,18.06945871372745,59.33566642859209,2020-09-30T11:09:56.000000Z,0.641021728515625,13W2BQ5FxQEV4C3PR9nYEC6kywKfNYFFVmHo38UgpLxusX9buCd,2,polite-metal-horse,8c088661d44bdff,785922.0,785992,523407,786049,11ajDeL6gXtrbYQCUo9jYVZDhrdACEYF4TJkmrUsPDGQLGzj2NJ,Lästmakargatan,Stockholms län,SE,Norrmalm,Lästmakargatan,Stockholms län,Sweden,Norrmalm,bm9ycm1hbG1zdG9ja2hvbG1zIGzDpG5zd2VkZW4,online,['/ip4/176.10.245.154/tcp/37703'],786016.0
174,15797,18.148734097084816,59.37454470388617,2020-09-28T18:02:13.000000Z,1.0,13Wwpbanr8rMrGPBYajqDTHsScYJAVuXJwSP2hLD3nQk74Zm55y,2,merry-wintergreen-goblin,8c08866e53a11ff,785834.0,785834,520866,786049,11BetLTETmZNSte9PPJUpdYv5L7phzNZECrR4bVeTKJP2E9DL3N,Vesslevägen,Stockholms län,SE,Näset,Vesslevägen,Stockholms län,Sweden,Näset,bsOkc2V0c3RvY2tob2xtcyBsw6Ruc3dlZGVu,online,['/ip4/135.181.106.176/tcp/44159'],785999.0
175,15805,18.080441720156244,59.30707948258652,2020-09-28T16:09:41.000000Z,0.641021728515625,13Wwpbanr8rMrGPBYajqDTHsScYJAVuXJwSP2hLD3nQk74Zm55y,1,odd-tan-gibbon,8c088661e6e23ff,785828.0,785828,520747,786049,11zspUevnipaew14T9shV5w12bMFU6VwG94sdGAvsAmSgZamTyB,Östgötagatan,Stockholms län,SE,Södermalm,Östgötagatan,Stockholms län,Sweden,Södermalm,c8O2ZGVybWFsbXN0b2NraG9sbXMgbMOkbnN3ZWRlbg,online,['/ip4/135.181.106.176/tcp/44158'],786013.0
176,15978,18.110543495225624,59.31450278692349,2020-09-25T11:16:32.000000Z,0.3205108642578125,14YXyXiPFCgfbv3eRAoD4rowuNzJsFUp49JiEutR3e32kVDDW9D,1,shiny-chili-mouse,8c088661a2241ff,785870.0,785870,515835,786049,11ZseLigCP6igVLhiBqy6UDUfVMz6pAR9PYR14H1SNfm43XfyCQ,Mannagrynstorget,Stockholms län,SE,Nacka,Mannagrynstorget,Stockholms län,Sweden,Nacka,bmFja2FzdG9ja2hvbG1zIGzDpG5zd2VkZW4,online,['/ip4/89.253.113.70/tcp/36223'],786025.0
177,16126,18.021367478827344,59.318483963548886,2020-09-22T19:44:07.000000Z,1.0,14Rqw67Er4T4mDitRR5hkvDbefXUhVQGiaVV4yzgSF3sVtu6PfU,1,bubbly-parchment-moth,8c088660269b1ff,785991.0,785991,511699,786049,11esYQNdEwYzVZ1K5DW4ZjyFiyd4UMub1ppsSFFr1iE3JVErtDx,Pokalvägen,Stockholms län,SE,Södermalm,Pokalvägen,Stockholms län,Sweden,Södermalm,c8O2ZGVybWFsbXN0b2NraG9sbXMgbMOkbnN3ZWRlbg,online,['/ip4/13.48.149.139/tcp/44158'],786012.0
178,17239,18.067513433610188,59.30938308444975,2020-08-31T12:22:36.000000Z,0.641021728515625,14Rqw67Er4T4mDitRR5hkvDbefXUhVQGiaVV4yzgSF3sVtu6PfU,1,itchy-merlot-porcupine,8c088661e0ea5ff,785869.0,785869,475464,786049,117wx42YduUdgW191EP3GBpsPVwXki8ZumhuYK2GDYARNh3kJV6,Blekingegatan,Stockholms län,SE,Södermalm,Blekingegatan,Stockholms län,Sweden,Södermalm,c8O2ZGVybWFsbXN0b2NraG9sbXMgbMOkbnN3ZWRlbg,online,"['/ip4/84.216.109.60/tcp/44158', '/p2p/11uU3pBSririAaTRdkNiQmpKVgKvwyaoR939i1Qu1DSmzoMAvSJ/p2p-circuit/p2p/117wx42YduUdgW191EP3GBpsPVwXki8ZumhuYK2GDYARNh3kJV6']",786016.0
